filename,Defects,total,open,short,mousebite,spur,copper,pin-hole
20085000_test.jpg,1,6,0,0,2,2,1,1
20085000_temp.jpg,0,0,0,0,0,0,0,0
20085001_test.jpg,1,7,0,0,2,1,2,2
20085001_temp.jpg,0,0,0,0,0,0,0,0
20085002_test.jpg,1,7,0,0,2,1,2,2
20085002_temp.jpg,0,0,0,0,0,0,0,0
20085003_test.jpg,1,8,2,1,1,2,1,1
20085003_temp.jpg,0,0,0,0,0,0,0,0
20085004_test.jpg,1,7,0,0,1,2,2,2
20085004_temp.jpg,0,0,0,0,0,0,0,0
20085005_test.jpg,1,9,0,1,2,2,2,2
20085005_temp.jpg,0,0,0,0,0,0,0,0
20085006_test.jpg,1,8,0,1,3,1,1,2
20085006_temp.jpg,0,0,0,0,0,0,0,0
20085007_test.jpg,1,6,0,0,1,1,2,2
20085007_temp.jpg,0,0,0,0,0,0,0,0
20085008_test.jpg,1,5,0,0,2,0,2,1
20085008_temp.jpg,0,0,0,0,0,0,0,0
20085009_test.jpg,1,7,0,2,1,2,0,2
20085009_temp.jpg,0,0,0,0,0,0,0,0
20085010_test.jpg,1,8,0,1,2,2,2,1
20085010_temp.jpg,0,0,0,0,0,0,0,0
20085011_test.jpg,1,7,2,2,0,1,1,1
20085011_temp.jpg,0,0,0,0,0,0,0,0
20085012_test.jpg,1,7,2,1,1,1,1,1
20085012_temp.jpg,0,0,0,0,0,0,0,0
20085013_test.jpg,1,5,1,0,1,1,1,1
20085013_temp.jpg,0,0,0,0,0,0,0,0
20085014_test.jpg,1,6,1,1,1,1,1,1
20085014_temp.jpg,0,0,0,0,0,0,0,0
20085015_test.jpg,1,8,2,2,2,0,1,1
20085015_temp.jpg,0,0,0,0,0,0,0,0
20085016_test.jpg,1,7,2,1,1,1,1,1
20085016_temp.jpg,0,0,0,0,0,0,0,0
20085017_test.jpg,1,7,2,2,0,1,1,1
20085017_temp.jpg,0,0,0,0,0,0,0,0
20085018_test.jpg,1,8,2,2,1,1,1,1
20085018_temp.jpg,0,0,0,0,0,0,0,0
20085019_test.jpg,1,8,2,2,1,1,1,1
20085019_temp.jpg,0,0,0,0,0,0,0,0
20085020_test.jpg,1,8,1,2,1,1,1,2
20085020_temp.jpg,0,0,0,0,0,0,0,0
20085021_test.jpg,1,5,0,0,1,1,1,2
20085021_temp.jpg,0,0,0,0,0,0,0,0
20085022_test.jpg,1,7,2,1,1,1,1,1
20085022_temp.jpg,0,0,0,0,0,0,0,0
20085023_test.jpg,1,8,2,0,2,1,0,3
20085023_temp.jpg,0,0,0,0,0,0,0,0
20085024_test.jpg,1,7,2,2,0,1,1,1
20085024_temp.jpg,0,0,0,0,0,0,0,0
20085025_test.jpg,1,8,2,2,1,1,1,1
20085025_temp.jpg,0,0,0,0,0,0,0,0
20085026_test.jpg,1,6,1,1,1,1,1,1
20085026_temp.jpg,0,0,0,0,0,0,0,0
20085027_test.jpg,1,6,1,1,1,1,1,1
20085027_temp.jpg,0,0,0,0,0,0,0,0
20085028_test.jpg,1,9,1,2,3,1,1,1
20085028_temp.jpg,0,0,0,0,0,0,0,0
20085029_test.jpg,1,8,2,2,2,0,1,1
20085029_temp.jpg,0,0,0,0,0,0,0,0
20085030_test.jpg,1,8,2,3,0,1,1,1
20085030_temp.jpg,0,0,0,0,0,0,0,0
20085031_test.jpg,1,8,2,2,2,0,1,1
20085031_temp.jpg,0,0,0,0,0,0,0,0
20085032_test.jpg,1,7,2,0,1,1,1,2
20085032_temp.jpg,0,0,0,0,0,0,0,0
20085033_test.jpg,1,7,2,1,1,1,1,1
20085033_temp.jpg,0,0,0,0,0,0,0,0
20085034_test.jpg,1,6,0,1,1,1,1,2
20085034_temp.jpg,0,0,0,0,0,0,0,0
20085035_test.jpg,1,6,1,0,2,1,1,1
20085035_temp.jpg,0,0,0,0,0,0,0,0
20085036_test.jpg,1,7,2,2,0,1,1,1
20085036_temp.jpg,0,0,0,0,0,0,0,0
20085037_test.jpg,1,5,1,1,1,1,0,1
20085037_temp.jpg,0,0,0,0,0,0,0,0
20085038_test.jpg,1,7,1,2,1,1,1,1
20085038_temp.jpg,0,0,0,0,0,0,0,0
20085039_test.jpg,1,4,0,1,1,1,1,0
20085039_temp.jpg,0,0,0,0,0,0,0,0
20085040_test.jpg,1,7,2,1,1,1,0,2
20085040_temp.jpg,0,0,0,0,0,0,0,0
20085041_test.jpg,1,9,2,2,1,2,1,1
20085041_temp.jpg,0,0,0,0,0,0,0,0
20085042_test.jpg,1,12,4,2,2,2,1,1
20085042_temp.jpg,0,0,0,0,0,0,0,0
20085043_test.jpg,1,7,2,3,0,1,0,1
20085043_temp.jpg,0,0,0,0,0,0,0,0
20085044_test.jpg,1,9,2,2,2,1,1,1
20085044_temp.jpg,0,0,0,0,0,0,0,0
20085045_test.jpg,1,10,2,1,2,3,1,1
20085045_temp.jpg,0,0,0,0,0,0,0,0
20085046_test.jpg,1,9,3,2,1,1,1,1
20085046_temp.jpg,0,0,0,0,0,0,0,0
20085047_test.jpg,1,3,0,0,1,1,1,0
20085047_temp.jpg,0,0,0,0,0,0,0,0
20085048_test.jpg,1,7,2,0,1,1,1,2
20085048_temp.jpg,0,0,0,0,0,0,0,0
20085049_test.jpg,1,8,2,2,2,0,1,1
20085049_temp.jpg,0,0,0,0,0,0,0,0
20085050_test.jpg,1,10,3,2,1,2,1,1
20085050_temp.jpg,0,0,0,0,0,0,0,0
20085051_test.jpg,1,6,1,1,1,1,1,1
20085051_temp.jpg,0,0,0,0,0,0,0,0
20085052_test.jpg,1,4,3,0,0,1,0,0
20085052_temp.jpg,0,0,0,0,0,0,0,0
20085053_test.jpg,1,9,3,2,1,0,2,1
20085053_temp.jpg,0,0,0,0,0,0,0,0
20085054_test.jpg,1,10,3,2,2,1,1,1
20085054_temp.jpg,0,0,0,0,0,0,0,0
20085055_test.jpg,1,7,1,2,1,3,0,0
20085055_temp.jpg,0,0,0,0,0,0,0,0
20085056_test.jpg,1,7,1,2,0,3,1,0
20085056_temp.jpg,0,0,0,0,0,0,0,0
20085057_test.jpg,1,10,2,4,0,2,1,1
20085057_temp.jpg,0,0,0,0,0,0,0,0
20085058_test.jpg,1,9,2,1,2,2,1,1
20085058_temp.jpg,0,0,0,0,0,0,0,0
20085059_test.jpg,1,10,4,2,1,1,1,1
20085059_temp.jpg,0,0,0,0,0,0,0,0
20085060_test.jpg,1,3,1,1,0,0,1,0
20085060_temp.jpg,0,0,0,0,0,0,0,0
20085061_test.jpg,1,9,2,2,2,1,1,1
20085061_temp.jpg,0,0,0,0,0,0,0,0
20085062_test.jpg,1,7,1,1,1,1,1,2
20085062_temp.jpg,0,0,0,0,0,0,0,0
20085063_test.jpg,1,7,1,2,1,2,1,0
20085063_temp.jpg,0,0,0,0,0,0,0,0
20085064_test.jpg,1,6,2,2,0,0,1,1
20085064_temp.jpg,0,0,0,0,0,0,0,0
20085065_test.jpg,1,6,3,2,1,0,0,0
20085065_temp.jpg,0,0,0,0,0,0,0,0
20085066_test.jpg,1,8,2,1,0,1,2,2
20085066_temp.jpg,0,0,0,0,0,0,0,0
20085067_test.jpg,1,9,2,1,1,2,2,1
20085067_temp.jpg,0,0,0,0,0,0,0,0
20085068_test.jpg,1,10,5,2,0,1,1,1
20085068_temp.jpg,0,0,0,0,0,0,0,0
20085069_test.jpg,1,11,3,3,1,2,1,1
20085069_temp.jpg,0,0,0,0,0,0,0,0
20085070_test.jpg,1,8,1,3,3,0,1,0
20085070_temp.jpg,0,0,0,0,0,0,0,0
20085071_test.jpg,1,9,1,2,2,2,1,1
20085071_temp.jpg,0,0,0,0,0,0,0,0
20085072_test.jpg,1,7,3,1,3,0,0,0
20085072_temp.jpg,0,0,0,0,0,0,0,0
20085073_test.jpg,1,8,2,1,2,2,0,1
20085073_temp.jpg,0,0,0,0,0,0,0,0
20085074_test.jpg,1,6,2,1,2,0,1,0
20085074_temp.jpg,0,0,0,0,0,0,0,0
20085075_test.jpg,1,10,3,2,1,2,2,0
20085075_temp.jpg,0,0,0,0,0,0,0,0
20085076_test.jpg,1,8,3,3,1,1,0,0
20085076_temp.jpg,0,0,0,0,0,0,0,0
20085077_test.jpg,1,6,1,2,2,1,0,0
20085077_temp.jpg,0,0,0,0,0,0,0,0
20085078_test.jpg,1,7,3,1,0,1,1,1
20085078_temp.jpg,0,0,0,0,0,0,0,0
20085079_test.jpg,1,9,3,3,0,2,0,1
20085079_temp.jpg,0,0,0,0,0,0,0,0
20085080_test.jpg,1,9,2,1,2,2,1,1
20085080_temp.jpg,0,0,0,0,0,0,0,0
20085081_test.jpg,1,10,2,1,0,3,2,2
20085081_temp.jpg,0,0,0,0,0,0,0,0
20085082_test.jpg,1,8,2,2,0,2,1,1
20085082_temp.jpg,0,0,0,0,0,0,0,0
20085083_test.jpg,1,11,2,1,3,2,2,1
20085083_temp.jpg,0,0,0,0,0,0,0,0
20085084_test.jpg,1,9,2,2,0,3,1,1
20085084_temp.jpg,0,0,0,0,0,0,0,0
20085085_test.jpg,1,8,1,1,3,2,1,0
20085085_temp.jpg,0,0,0,0,0,0,0,0
20085086_test.jpg,1,4,2,1,0,1,0,0
20085086_temp.jpg,0,0,0,0,0,0,0,0
20085087_test.jpg,1,8,2,3,0,1,1,1
20085087_temp.jpg,0,0,0,0,0,0,0,0
20085088_test.jpg,1,9,3,2,1,1,1,1
20085088_temp.jpg,0,0,0,0,0,0,0,0
20085089_test.jpg,1,9,2,3,2,2,0,0
20085089_temp.jpg,0,0,0,0,0,0,0,0
20085090_test.jpg,1,9,1,1,2,2,2,1
20085090_temp.jpg,0,0,0,0,0,0,0,0
20085091_test.jpg,1,8,3,2,1,1,0,1
20085091_temp.jpg,0,0,0,0,0,0,0,0
20085092_test.jpg,1,7,3,1,1,1,1,0
20085092_temp.jpg,0,0,0,0,0,0,0,0
20085093_test.jpg,1,8,2,0,1,1,2,2
20085093_temp.jpg,0,0,0,0,0,0,0,0
20085094_test.jpg,1,5,1,1,2,0,1,0
20085094_temp.jpg,0,0,0,0,0,0,0,0
20085095_test.jpg,1,9,2,1,1,2,2,1
20085095_temp.jpg,0,0,0,0,0,0,0,0
20085096_test.jpg,1,9,4,0,1,2,1,1
20085096_temp.jpg,0,0,0,0,0,0,0,0
20085097_test.jpg,1,9,3,2,1,1,1,1
20085097_temp.jpg,0,0,0,0,0,0,0,0
20085098_test.jpg,1,6,1,2,1,1,1,0
20085098_temp.jpg,0,0,0,0,0,0,0,0
20085099_test.jpg,1,8,2,1,1,2,1,1
20085099_temp.jpg,0,0,0,0,0,0,0,0
20085100_test.jpg,1,9,2,1,2,2,1,1
20085100_temp.jpg,0,0,0,0,0,0,0,0
20085101_test.jpg,1,7,1,1,2,2,1,0
20085101_temp.jpg,0,0,0,0,0,0,0,0
20085102_test.jpg,1,11,2,3,1,2,2,1
20085102_temp.jpg,0,0,0,0,0,0,0,0
20085103_test.jpg,1,10,2,1,2,2,2,1
20085103_temp.jpg,0,0,0,0,0,0,0,0
20085104_test.jpg,1,8,2,2,0,2,2,0
20085104_temp.jpg,0,0,0,0,0,0,0,0
20085105_test.jpg,1,8,1,2,2,2,0,1
20085105_temp.jpg,0,0,0,0,0,0,0,0
20085106_test.jpg,1,8,1,3,2,0,1,1
20085106_temp.jpg,0,0,0,0,0,0,0,0
20085107_test.jpg,1,10,1,1,2,2,2,2
20085107_temp.jpg,0,0,0,0,0,0,0,0
20085108_test.jpg,1,10,2,3,3,0,1,1
20085108_temp.jpg,0,0,0,0,0,0,0,0
20085109_test.jpg,1,7,2,3,0,2,0,0
20085109_temp.jpg,0,0,0,0,0,0,0,0
20085110_test.jpg,1,6,2,0,1,1,1,1
20085110_temp.jpg,0,0,0,0,0,0,0,0
20085111_test.jpg,1,7,2,1,1,1,1,1
20085111_temp.jpg,0,0,0,0,0,0,0,0
20085112_test.jpg,1,6,2,2,1,1,0,0
20085112_temp.jpg,0,0,0,0,0,0,0,0
20085113_test.jpg,1,7,2,1,0,2,1,1
20085113_temp.jpg,0,0,0,0,0,0,0,0
20085114_test.jpg,1,9,2,2,3,1,1,0
20085114_temp.jpg,0,0,0,0,0,0,0,0
20085115_test.jpg,1,7,3,1,0,1,1,1
20085115_temp.jpg,0,0,0,0,0,0,0,0
20085116_test.jpg,1,8,2,2,2,2,0,0
20085116_temp.jpg,0,0,0,0,0,0,0,0
20085117_test.jpg,1,8,3,2,1,1,1,0
20085117_temp.jpg,0,0,0,0,0,0,0,0
20085118_test.jpg,1,6,1,2,1,1,1,0
20085118_temp.jpg,0,0,0,0,0,0,0,0
20085119_test.jpg,1,7,1,1,3,0,1,1
20085119_temp.jpg,0,0,0,0,0,0,0,0
20085120_test.jpg,1,8,2,1,1,2,1,1
20085120_temp.jpg,0,0,0,0,0,0,0,0
20085121_test.jpg,1,9,1,3,2,1,1,1
20085121_temp.jpg,0,0,0,0,0,0,0,0
20085122_test.jpg,1,10,2,2,2,2,1,1
20085122_temp.jpg,0,0,0,0,0,0,0,0
20085123_test.jpg,1,8,2,2,2,0,1,1
20085123_temp.jpg,0,0,0,0,0,0,0,0
20085124_test.jpg,1,7,1,1,2,1,1,1
20085124_temp.jpg,0,0,0,0,0,0,0,0
20085125_test.jpg,1,10,3,2,2,2,1,0
20085125_temp.jpg,0,0,0,0,0,0,0,0
20085126_test.jpg,1,7,1,2,2,0,1,1
20085126_temp.jpg,0,0,0,0,0,0,0,0
20085127_test.jpg,1,7,3,2,0,0,1,1
20085127_temp.jpg,0,0,0,0,0,0,0,0
20085128_test.jpg,1,9,2,2,3,0,1,1
20085128_temp.jpg,0,0,0,0,0,0,0,0
20085129_test.jpg,1,8,2,1,3,1,1,0
20085129_temp.jpg,0,0,0,0,0,0,0,0
20085130_test.jpg,1,8,1,2,2,1,1,1
20085130_temp.jpg,0,0,0,0,0,0,0,0
20085131_test.jpg,1,9,1,2,3,2,1,0
20085131_temp.jpg,0,0,0,0,0,0,0,0
20085132_test.jpg,1,8,1,2,2,1,1,1
20085132_temp.jpg,0,0,0,0,0,0,0,0
20085133_test.jpg,1,8,3,2,1,0,1,1
20085133_temp.jpg,0,0,0,0,0,0,0,0
20085134_test.jpg,1,7,1,1,2,2,0,1
20085134_temp.jpg,0,0,0,0,0,0,0,0
20085135_test.jpg,1,8,3,2,1,1,0,1
20085135_temp.jpg,0,0,0,0,0,0,0,0
20085136_test.jpg,1,7,2,1,2,0,1,1
20085136_temp.jpg,0,0,0,0,0,0,0,0
20085137_test.jpg,1,7,2,1,1,0,2,1
20085137_temp.jpg,0,0,0,0,0,0,0,0
20085138_test.jpg,1,7,1,2,1,2,1,0
20085138_temp.jpg,0,0,0,0,0,0,0,0
20085139_test.jpg,1,7,2,0,2,2,0,1
20085139_temp.jpg,0,0,0,0,0,0,0,0
20085140_test.jpg,1,8,2,1,2,1,1,1
20085140_temp.jpg,0,0,0,0,0,0,0,0
20085141_test.jpg,1,6,1,1,2,1,1,0
20085141_temp.jpg,0,0,0,0,0,0,0,0
20085142_test.jpg,1,8,2,2,1,1,1,1
20085142_temp.jpg,0,0,0,0,0,0,0,0
20085143_test.jpg,1,6,1,1,1,1,1,1
20085143_temp.jpg,0,0,0,0,0,0,0,0
20085144_test.jpg,1,5,1,1,1,1,0,1
20085144_temp.jpg,0,0,0,0,0,0,0,0
20085145_test.jpg,1,9,1,1,2,2,2,1
20085145_temp.jpg,0,0,0,0,0,0,0,0
20085146_test.jpg,1,6,1,1,1,2,0,1
20085146_temp.jpg,0,0,0,0,0,0,0,0
20085147_test.jpg,1,8,1,2,1,2,1,1
20085147_temp.jpg,0,0,0,0,0,0,0,0
20085148_test.jpg,1,9,1,3,1,2,1,1
20085148_temp.jpg,0,0,0,0,0,0,0,0
20085149_test.jpg,1,8,1,1,2,1,2,1
20085149_temp.jpg,0,0,0,0,0,0,0,0
20085150_test.jpg,1,7,1,1,2,2,0,1
20085150_temp.jpg,0,0,0,0,0,0,0,0
20085151_test.jpg,1,10,1,2,2,3,1,1
20085151_temp.jpg,0,0,0,0,0,0,0,0
20085152_test.jpg,1,9,1,2,2,1,2,1
20085152_temp.jpg,0,0,0,0,0,0,0,0
20085153_test.jpg,1,9,2,1,3,1,1,1
20085153_temp.jpg,0,0,0,0,0,0,0,0
20085154_test.jpg,1,7,2,1,3,1,0,0
20085154_temp.jpg,0,0,0,0,0,0,0,0
20085155_test.jpg,1,6,1,1,1,1,1,1
20085155_temp.jpg,0,0,0,0,0,0,0,0
20085156_test.jpg,1,4,0,0,1,1,1,1
20085156_temp.jpg,0,0,0,0,0,0,0,0
20085157_test.jpg,1,4,0,0,1,1,1,1
20085157_temp.jpg,0,0,0,0,0,0,0,0
20085158_test.jpg,1,2,0,0,1,0,1,0
20085158_temp.jpg,0,0,0,0,0,0,0,0
20085159_test.jpg,1,1,0,0,0,0,1,0
20085159_temp.jpg,0,0,0,0,0,0,0,0
20085160_test.jpg,1,4,1,0,1,0,1,1
20085160_temp.jpg,0,0,0,0,0,0,0,0
20085161_test.jpg,1,4,0,0,2,0,1,1
20085161_temp.jpg,0,0,0,0,0,0,0,0
20085162_test.jpg,1,4,0,0,1,1,1,1
20085162_temp.jpg,0,0,0,0,0,0,0,0
20085163_test.jpg,1,3,0,0,1,1,1,0
20085163_temp.jpg,0,0,0,0,0,0,0,0
20085164_test.jpg,1,3,0,0,1,1,0,1
20085164_temp.jpg,0,0,0,0,0,0,0,0
20085165_test.jpg,1,3,0,0,1,1,1,0
20085165_temp.jpg,0,0,0,0,0,0,0,0
20085166_test.jpg,1,2,0,1,1,0,0,0
20085166_temp.jpg,0,0,0,0,0,0,0,0
20085167_test.jpg,1,1,0,0,0,0,1,0
20085167_temp.jpg,0,0,0,0,0,0,0,0
20085168_test.jpg,1,1,0,0,0,0,1,0
20085168_temp.jpg,0,0,0,0,0,0,0,0
20085169_test.jpg,1,5,0,1,2,1,0,1
20085169_temp.jpg,0,0,0,0,0,0,0,0
20085170_test.jpg,1,5,1,1,0,1,1,1
20085170_temp.jpg,0,0,0,0,0,0,0,0
20085171_test.jpg,1,6,1,2,0,1,1,1
20085171_temp.jpg,0,0,0,0,0,0,0,0
20085172_test.jpg,1,7,2,1,0,2,1,1
20085172_temp.jpg,0,0,0,0,0,0,0,0
20085173_test.jpg,1,6,2,1,1,1,0,1
20085173_temp.jpg,0,0,0,0,0,0,0,0
20085174_test.jpg,1,5,1,1,1,0,1,1
20085174_temp.jpg,0,0,0,0,0,0,0,0
20085175_test.jpg,1,5,0,1,1,0,1,2
20085175_temp.jpg,0,0,0,0,0,0,0,0
20085176_test.jpg,1,4,0,0,0,1,2,1
20085176_temp.jpg,0,0,0,0,0,0,0,0
20085177_test.jpg,1,5,0,0,2,1,1,1
20085177_temp.jpg,0,0,0,0,0,0,0,0
20085178_test.jpg,1,7,1,2,1,1,1,1
20085178_temp.jpg,0,0,0,0,0,0,0,0
20085179_test.jpg,1,7,1,0,2,2,1,1
20085179_temp.jpg,0,0,0,0,0,0,0,0
20085180_test.jpg,1,8,1,2,2,1,1,1
20085180_temp.jpg,0,0,0,0,0,0,0,0
20085181_test.jpg,1,8,1,1,4,0,1,1
20085181_temp.jpg,0,0,0,0,0,0,0,0
20085182_test.jpg,1,5,0,1,3,0,1,0
20085182_temp.jpg,0,0,0,0,0,0,0,0
20085183_test.jpg,1,6,1,1,1,1,1,1
20085183_temp.jpg,0,0,0,0,0,0,0,0
20085184_test.jpg,1,8,2,1,2,1,1,1
20085184_temp.jpg,0,0,0,0,0,0,0,0
20085185_test.jpg,1,10,2,2,2,1,1,2
20085185_temp.jpg,0,0,0,0,0,0,0,0
20085186_test.jpg,1,8,2,2,1,1,1,1
20085186_temp.jpg,0,0,0,0,0,0,0,0
20085187_test.jpg,1,8,2,2,1,1,1,1
20085187_temp.jpg,0,0,0,0,0,0,0,0
20085188_test.jpg,1,9,2,1,2,3,1,0
20085188_temp.jpg,0,0,0,0,0,0,0,0
20085189_test.jpg,1,10,1,2,3,2,1,1
20085189_temp.jpg,0,0,0,0,0,0,0,0
20085190_test.jpg,1,6,1,0,2,1,1,1
20085190_temp.jpg,0,0,0,0,0,0,0,0
20085191_test.jpg,1,8,3,1,1,1,1,1
20085191_temp.jpg,0,0,0,0,0,0,0,0
20085192_test.jpg,1,7,2,0,1,1,1,2
20085192_temp.jpg,0,0,0,0,0,0,0,0
20085193_test.jpg,1,9,1,2,2,2,1,1
20085193_temp.jpg,0,0,0,0,0,0,0,0
20085194_test.jpg,1,8,2,1,1,2,1,1
20085194_temp.jpg,0,0,0,0,0,0,0,0
20085195_test.jpg,1,7,1,1,2,1,1,1
20085195_temp.jpg,0,0,0,0,0,0,0,0
20085196_test.jpg,1,8,2,2,1,0,1,2
20085196_temp.jpg,0,0,0,0,0,0,0,0
20085197_test.jpg,1,8,2,1,1,2,1,1
20085197_temp.jpg,0,0,0,0,0,0,0,0
20085198_test.jpg,1,9,1,3,1,2,1,1
20085198_temp.jpg,0,0,0,0,0,0,0,0
20085199_test.jpg,1,8,0,1,2,2,2,1
20085199_temp.jpg,0,0,0,0,0,0,0,0
20085200_test.jpg,1,6,1,1,2,0,1,1
20085200_temp.jpg,0,0,0,0,0,0,0,0
20085201_test.jpg,1,6,1,1,1,1,1,1
20085201_temp.jpg,0,0,0,0,0,0,0,0
20085202_test.jpg,1,8,1,1,1,3,1,1
20085202_temp.jpg,0,0,0,0,0,0,0,0
20085203_test.jpg,1,6,1,1,1,1,1,1
20085203_temp.jpg,0,0,0,0,0,0,0,0
20085204_test.jpg,1,7,2,1,1,1,1,1
20085204_temp.jpg,0,0,0,0,0,0,0,0
20085205_test.jpg,1,8,3,1,1,1,1,1
20085205_temp.jpg,0,0,0,0,0,0,0,0
20085206_test.jpg,1,9,3,1,2,1,1,1
20085206_temp.jpg,0,0,0,0,0,0,0,0
20085207_test.jpg,1,9,1,2,3,1,1,1
20085207_temp.jpg,0,0,0,0,0,0,0,0
20085208_test.jpg,1,8,0,1,2,2,1,2
20085208_temp.jpg,0,0,0,0,0,0,0,0
20085209_test.jpg,1,9,2,2,2,1,1,1
20085209_temp.jpg,0,0,0,0,0,0,0,0
20085210_test.jpg,1,9,2,2,2,1,1,1
20085210_temp.jpg,0,0,0,0,0,0,0,0
20085211_test.jpg,1,8,2,2,2,0,1,1
20085211_temp.jpg,0,0,0,0,0,0,0,0
20085212_test.jpg,1,10,2,3,2,1,1,1
20085212_temp.jpg,0,0,0,0,0,0,0,0
20085213_test.jpg,1,8,3,2,1,1,0,1
20085213_temp.jpg,0,0,0,0,0,0,0,0
20085214_test.jpg,1,9,3,2,2,0,1,1
20085214_temp.jpg,0,0,0,0,0,0,0,0
20085215_test.jpg,1,8,2,2,1,1,1,1
20085215_temp.jpg,0,0,0,0,0,0,0,0
20085216_test.jpg,1,3,0,0,1,2,0,0
20085216_temp.jpg,0,0,0,0,0,0,0,0
20085217_test.jpg,1,6,1,1,1,1,1,1
20085217_temp.jpg,0,0,0,0,0,0,0,0
20085218_test.jpg,1,9,2,2,2,1,1,1
20085218_temp.jpg,0,0,0,0,0,0,0,0
20085219_test.jpg,1,8,2,2,1,1,1,1
20085219_temp.jpg,0,0,0,0,0,0,0,0
20085220_test.jpg,1,8,2,2,2,0,1,1
20085220_temp.jpg,0,0,0,0,0,0,0,0
20085221_test.jpg,1,15,4,2,2,3,2,2
20085221_temp.jpg,0,0,0,0,0,0,0,0
20085222_test.jpg,1,9,3,2,1,1,1,1
20085222_temp.jpg,0,0,0,0,0,0,0,0
20085223_test.jpg,1,10,3,2,2,1,1,1
20085223_temp.jpg,0,0,0,0,0,0,0,0
20085224_test.jpg,1,11,3,2,2,2,1,1
20085224_temp.jpg,0,0,0,0,0,0,0,0
20085225_test.jpg,1,13,3,3,2,2,1,2
20085225_temp.jpg,0,0,0,0,0,0,0,0
20085226_test.jpg,1,10,2,2,2,2,1,1
20085226_temp.jpg,0,0,0,0,0,0,0,0
20085227_test.jpg,1,8,2,2,0,2,1,1
20085227_temp.jpg,0,0,0,0,0,0,0,0
20085228_test.jpg,1,10,2,2,2,2,1,1
20085228_temp.jpg,0,0,0,0,0,0,0,0
20085229_test.jpg,1,11,3,2,2,2,1,1
20085229_temp.jpg,0,0,0,0,0,0,0,0
20085230_test.jpg,1,10,4,2,1,1,1,1
20085230_temp.jpg,0,0,0,0,0,0,0,0
20085231_test.jpg,1,9,2,2,1,2,1,1
20085231_temp.jpg,0,0,0,0,0,0,0,0
20085232_test.jpg,1,11,2,3,2,2,1,1
20085232_temp.jpg,0,0,0,0,0,0,0,0
20085233_test.jpg,1,9,2,2,2,1,1,1
20085233_temp.jpg,0,0,0,0,0,0,0,0
20085234_test.jpg,1,7,2,2,0,1,1,1
20085234_temp.jpg,0,0,0,0,0,0,0,0
20085235_test.jpg,1,8,2,2,1,1,1,1
20085235_temp.jpg,0,0,0,0,0,0,0,0
20085236_test.jpg,1,8,2,2,1,1,1,1
20085236_temp.jpg,0,0,0,0,0,0,0,0
20085237_test.jpg,1,8,2,2,1,1,1,1
20085237_temp.jpg,0,0,0,0,0,0,0,0
20085238_test.jpg,1,9,2,2,1,2,1,1
20085238_temp.jpg,0,0,0,0,0,0,0,0
20085239_test.jpg,1,9,3,2,1,1,1,1
20085239_temp.jpg,0,0,0,0,0,0,0,0
20085240_test.jpg,1,9,2,2,2,1,1,1
20085240_temp.jpg,0,0,0,0,0,0,0,0
20085241_test.jpg,1,8,2,1,2,1,1,1
20085241_temp.jpg,0,0,0,0,0,0,0,0
20085242_test.jpg,1,7,2,2,1,1,1,0
20085242_temp.jpg,0,0,0,0,0,0,0,0
20085243_test.jpg,1,8,2,2,1,1,1,1
20085243_temp.jpg,0,0,0,0,0,0,0,0
20085244_test.jpg,1,9,2,2,1,2,1,1
20085244_temp.jpg,0,0,0,0,0,0,0,0
20085245_test.jpg,1,8,2,2,1,1,1,1
20085245_temp.jpg,0,0,0,0,0,0,0,0
20085246_test.jpg,1,7,2,2,1,1,1,0
20085246_temp.jpg,0,0,0,0,0,0,0,0
20085247_test.jpg,1,7,2,2,1,1,1,0
20085247_temp.jpg,0,0,0,0,0,0,0,0
20085248_test.jpg,1,10,2,2,2,2,1,1
20085248_temp.jpg,0,0,0,0,0,0,0,0
20085249_test.jpg,1,9,2,2,2,1,1,1
20085249_temp.jpg,0,0,0,0,0,0,0,0
20085250_test.jpg,1,8,1,1,2,4,0,0
20085250_temp.jpg,0,0,0,0,0,0,0,0
20085251_test.jpg,1,7,2,1,2,0,1,1
20085251_temp.jpg,0,0,0,0,0,0,0,0
20085252_test.jpg,1,10,2,1,3,1,2,1
20085252_temp.jpg,0,0,0,0,0,0,0,0
20085253_test.jpg,1,8,1,1,2,2,1,1
20085253_temp.jpg,0,0,0,0,0,0,0,0
20085254_test.jpg,1,8,1,1,2,1,2,1
20085254_temp.jpg,0,0,0,0,0,0,0,0
20085255_test.jpg,1,6,2,1,1,1,1,0
20085255_temp.jpg,0,0,0,0,0,0,0,0
20085256_test.jpg,1,9,1,2,2,2,1,1
20085256_temp.jpg,0,0,0,0,0,0,0,0
20085257_test.jpg,1,9,0,2,2,2,2,1
20085257_temp.jpg,0,0,0,0,0,0,0,0
20085258_test.jpg,1,7,0,1,2,1,2,1
20085258_temp.jpg,0,0,0,0,0,0,0,0
20085259_test.jpg,1,10,3,3,1,1,0,2
20085259_temp.jpg,0,0,0,0,0,0,0,0
20085260_test.jpg,1,11,2,3,1,2,2,1
20085260_temp.jpg,0,0,0,0,0,0,0,0
20085261_test.jpg,1,7,1,1,2,1,2,0
20085261_temp.jpg,0,0,0,0,0,0,0,0
20085262_test.jpg,1,6,1,1,0,2,1,1
20085262_temp.jpg,0,0,0,0,0,0,0,0
20085263_test.jpg,1,9,1,2,2,3,1,0
20085263_temp.jpg,0,0,0,0,0,0,0,0
20085264_test.jpg,1,8,1,1,2,2,1,1
20085264_temp.jpg,0,0,0,0,0,0,0,0
20085265_test.jpg,1,7,1,1,2,1,1,1
20085265_temp.jpg,0,0,0,0,0,0,0,0
20085266_test.jpg,1,9,1,3,2,1,1,1
20085266_temp.jpg,0,0,0,0,0,0,0,0
20085267_test.jpg,1,7,1,1,2,2,1,0
20085267_temp.jpg,0,0,0,0,0,0,0,0
20085268_test.jpg,1,8,1,2,2,2,1,0
20085268_temp.jpg,0,0,0,0,0,0,0,0
20085269_test.jpg,1,7,0,2,3,0,2,0
20085269_temp.jpg,0,0,0,0,0,0,0,0
20085270_test.jpg,1,8,0,1,3,2,1,1
20085270_temp.jpg,0,0,0,0,0,0,0,0
20085271_test.jpg,1,9,2,0,2,2,1,2
20085271_temp.jpg,0,0,0,0,0,0,0,0
20085272_test.jpg,1,8,1,1,3,2,1,0
20085272_temp.jpg,0,0,0,0,0,0,0,0
20085273_test.jpg,1,8,3,2,1,1,1,0
20085273_temp.jpg,0,0,0,0,0,0,0,0
20085274_test.jpg,1,5,1,2,1,1,0,0
20085274_temp.jpg,0,0,0,0,0,0,0,0
20085275_test.jpg,1,8,0,2,2,2,1,1
20085275_temp.jpg,0,0,0,0,0,0,0,0
20085276_test.jpg,1,9,0,1,3,3,1,1
20085276_temp.jpg,0,0,0,0,0,0,0,0
20085277_test.jpg,1,9,1,2,2,2,1,1
20085277_temp.jpg,0,0,0,0,0,0,0,0
20085278_test.jpg,1,7,1,1,1,2,1,1
20085278_temp.jpg,0,0,0,0,0,0,0,0
20085279_test.jpg,1,7,2,1,2,1,1,0
20085279_temp.jpg,0,0,0,0,0,0,0,0
20085280_test.jpg,1,7,1,2,3,0,1,0
20085280_temp.jpg,0,0,0,0,0,0,0,0
20085281_test.jpg,1,8,1,2,1,2,2,0
20085281_temp.jpg,0,0,0,0,0,0,0,0
20085282_test.jpg,1,6,2,1,0,2,1,0
20085282_temp.jpg,0,0,0,0,0,0,0,0
20085283_test.jpg,1,6,1,2,2,0,1,0
20085283_temp.jpg,0,0,0,0,0,0,0,0
20085284_test.jpg,1,7,1,1,2,1,1,1
20085284_temp.jpg,0,0,0,0,0,0,0,0
20085285_test.jpg,1,7,1,1,1,2,1,1
20085285_temp.jpg,0,0,0,0,0,0,0,0
20085286_test.jpg,1,8,1,2,2,1,2,0
20085286_temp.jpg,0,0,0,0,0,0,0,0
20085287_test.jpg,1,9,1,2,3,2,1,0
20085287_temp.jpg,0,0,0,0,0,0,0,0
20085288_test.jpg,1,7,1,2,1,1,1,1
20085288_temp.jpg,0,0,0,0,0,0,0,0
20085289_test.jpg,1,5,1,1,1,1,0,1
20085289_temp.jpg,0,0,0,0,0,0,0,0
20085290_test.jpg,1,7,2,1,2,1,0,1
20085290_temp.jpg,0,0,0,0,0,0,0,0
13000000_test.jpg,1,7,1,0,1,1,2,2
13000000_temp.jpg,0,0,0,0,0,0,0,0
13000001_test.jpg,1,8,1,1,2,1,2,1
13000001_temp.jpg,0,0,0,0,0,0,0,0
13000002_test.jpg,1,10,0,3,1,3,2,1
13000002_temp.jpg,0,0,0,0,0,0,0,0
13000003_test.jpg,1,9,1,1,1,1,3,2
13000003_temp.jpg,0,0,0,0,0,0,0,0
13000004_test.jpg,1,10,1,3,3,1,1,1
13000004_temp.jpg,0,0,0,0,0,0,0,0
13000005_test.jpg,1,8,1,2,2,1,1,1
13000005_temp.jpg,0,0,0,0,0,0,0,0
13000006_test.jpg,1,7,0,1,3,1,1,1
13000006_temp.jpg,0,0,0,0,0,0,0,0
13000007_test.jpg,1,7,1,1,1,2,1,1
13000007_temp.jpg,0,0,0,0,0,0,0,0
13000008_test.jpg,1,9,1,3,1,1,2,1
13000008_temp.jpg,0,0,0,0,0,0,0,0
13000009_test.jpg,1,10,2,1,1,2,2,2
13000009_temp.jpg,0,0,0,0,0,0,0,0
13000010_test.jpg,1,8,1,1,1,2,2,1
13000010_temp.jpg,0,0,0,0,0,0,0,0
13000011_test.jpg,1,8,2,1,2,2,1,0
13000011_temp.jpg,0,0,0,0,0,0,0,0
13000012_test.jpg,1,8,1,1,2,1,2,1
13000012_temp.jpg,0,0,0,0,0,0,0,0
13000013_test.jpg,1,7,1,1,2,2,0,1
13000013_temp.jpg,0,0,0,0,0,0,0,0
13000014_test.jpg,1,7,1,0,2,2,1,1
13000014_temp.jpg,0,0,0,0,0,0,0,0
13000015_test.jpg,1,7,0,0,2,2,2,1
13000015_temp.jpg,0,0,0,0,0,0,0,0
13000016_test.jpg,1,5,0,0,2,2,1,0
13000016_temp.jpg,0,0,0,0,0,0,0,0
13000017_test.jpg,1,11,2,1,2,2,2,2
13000017_temp.jpg,0,0,0,0,0,0,0,0
13000018_test.jpg,1,10,0,0,4,4,0,2
13000018_temp.jpg,0,0,0,0,0,0,0,0
13000019_test.jpg,1,13,3,2,2,2,2,2
13000019_temp.jpg,0,0,0,0,0,0,0,0
13000020_test.jpg,1,12,2,3,3,0,2,2
13000020_temp.jpg,0,0,0,0,0,0,0,0
13000021_test.jpg,1,10,2,2,2,3,0,1
13000021_temp.jpg,0,0,0,0,0,0,0,0
13000022_test.jpg,1,12,2,2,2,2,2,2
13000022_temp.jpg,0,0,0,0,0,0,0,0
13000023_test.jpg,1,12,2,2,2,2,2,2
13000023_temp.jpg,0,0,0,0,0,0,0,0
13000024_test.jpg,1,12,2,2,2,2,2,2
13000024_temp.jpg,0,0,0,0,0,0,0,0
13000025_test.jpg,1,12,2,2,2,2,2,2
13000025_temp.jpg,0,0,0,0,0,0,0,0
13000026_test.jpg,1,12,2,2,2,2,2,2
13000026_temp.jpg,0,0,0,0,0,0,0,0
13000027_test.jpg,1,12,2,2,2,2,2,2
13000027_temp.jpg,0,0,0,0,0,0,0,0
13000028_test.jpg,1,12,2,2,2,2,2,2
13000028_temp.jpg,0,0,0,0,0,0,0,0
13000029_test.jpg,1,12,2,2,2,2,2,2
13000029_temp.jpg,0,0,0,0,0,0,0,0
13000030_test.jpg,1,12,2,2,2,2,2,2
13000030_temp.jpg,0,0,0,0,0,0,0,0
13000031_test.jpg,1,9,1,1,1,2,2,2
13000031_temp.jpg,0,0,0,0,0,0,0,0
13000032_test.jpg,1,9,1,0,2,2,2,2
13000032_temp.jpg,0,0,0,0,0,0,0,0
13000033_test.jpg,1,7,1,0,3,1,1,1
13000033_temp.jpg,0,0,0,0,0,0,0,0
13000034_test.jpg,1,9,1,0,2,2,2,2
13000034_temp.jpg,0,0,0,0,0,0,0,0
13000035_test.jpg,1,10,2,0,2,2,2,2
13000035_temp.jpg,0,0,0,0,0,0,0,0
13000036_test.jpg,1,8,0,0,2,2,2,2
13000036_temp.jpg,0,0,0,0,0,0,0,0
13000037_test.jpg,1,12,2,2,2,2,2,2
13000037_temp.jpg,0,0,0,0,0,0,0,0
13000038_test.jpg,1,7,1,1,2,1,1,1
13000038_temp.jpg,0,0,0,0,0,0,0,0
13000039_test.jpg,1,7,1,0,2,2,1,1
13000039_temp.jpg,0,0,0,0,0,0,0,0
13000040_test.jpg,1,6,1,1,1,0,2,1
13000040_temp.jpg,0,0,0,0,0,0,0,0
13000041_test.jpg,1,7,2,0,1,1,1,2
13000041_temp.jpg,0,0,0,0,0,0,0,0
13000042_test.jpg,1,4,0,1,1,0,1,1
13000042_temp.jpg,0,0,0,0,0,0,0,0
13000043_test.jpg,1,7,1,1,1,1,2,1
13000043_temp.jpg,0,0,0,0,0,0,0,0
13000044_test.jpg,1,9,1,1,1,3,1,2
13000044_temp.jpg,0,0,0,0,0,0,0,0
13000045_test.jpg,1,6,2,1,0,1,1,1
13000045_temp.jpg,0,0,0,0,0,0,0,0
13000046_test.jpg,1,7,1,2,1,1,1,1
13000046_temp.jpg,0,0,0,0,0,0,0,0
13000047_test.jpg,1,7,2,2,1,0,1,1
13000047_temp.jpg,0,0,0,0,0,0,0,0
13000048_test.jpg,1,9,1,2,2,2,1,1
13000048_temp.jpg,0,0,0,0,0,0,0,0
13000049_test.jpg,1,7,1,1,1,1,2,1
13000049_temp.jpg,0,0,0,0,0,0,0,0
13000050_test.jpg,1,7,1,1,2,1,1,1
13000050_temp.jpg,0,0,0,0,0,0,0,0
13000051_test.jpg,1,7,2,0,2,1,1,1
13000051_temp.jpg,0,0,0,0,0,0,0,0
13000052_test.jpg,1,8,2,0,4,1,0,1
13000052_temp.jpg,0,0,0,0,0,0,0,0
13000053_test.jpg,1,6,1,0,1,1,1,2
13000053_temp.jpg,0,0,0,0,0,0,0,0
13000054_test.jpg,1,5,0,1,1,1,1,1
13000054_temp.jpg,0,0,0,0,0,0,0,0
13000055_test.jpg,1,5,1,1,0,1,1,1
13000055_temp.jpg,0,0,0,0,0,0,0,0
13000056_test.jpg,1,8,1,1,2,1,2,1
13000056_temp.jpg,0,0,0,0,0,0,0,0
13000057_test.jpg,1,7,1,1,1,1,2,1
13000057_temp.jpg,0,0,0,0,0,0,0,0
13000058_test.jpg,1,9,2,1,3,1,1,1
13000058_temp.jpg,0,0,0,0,0,0,0,0
13000059_test.jpg,1,9,1,2,1,3,1,1
13000059_temp.jpg,0,0,0,0,0,0,0,0
13000060_test.jpg,1,5,0,0,3,0,1,1
13000060_temp.jpg,0,0,0,0,0,0,0,0
13000061_test.jpg,1,7,1,1,2,2,1,0
13000061_temp.jpg,0,0,0,0,0,0,0,0
13000062_test.jpg,1,7,2,1,1,1,1,1
13000062_temp.jpg,0,0,0,0,0,0,0,0
13000063_test.jpg,1,10,3,1,3,1,0,2
13000063_temp.jpg,0,0,0,0,0,0,0,0
13000064_test.jpg,1,8,2,1,1,1,2,1
13000064_temp.jpg,0,0,0,0,0,0,0,0
13000065_test.jpg,1,7,2,1,1,1,1,1
13000065_temp.jpg,0,0,0,0,0,0,0,0
13000066_test.jpg,1,8,2,3,1,0,1,1
13000066_temp.jpg,0,0,0,0,0,0,0,0
13000067_test.jpg,1,10,2,1,2,3,1,1
13000067_temp.jpg,0,0,0,0,0,0,0,0
13000068_test.jpg,1,8,2,2,1,2,0,1
13000068_temp.jpg,0,0,0,0,0,0,0,0
13000069_test.jpg,1,7,1,2,1,1,1,1
13000069_temp.jpg,0,0,0,0,0,0,0,0
13000070_test.jpg,1,5,0,0,1,1,1,2
13000070_temp.jpg,0,0,0,0,0,0,0,0
13000071_test.jpg,1,6,0,0,2,0,2,2
13000071_temp.jpg,0,0,0,0,0,0,0,0
13000072_test.jpg,1,6,1,0,0,3,1,1
13000072_temp.jpg,0,0,0,0,0,0,0,0
13000073_test.jpg,1,6,1,1,1,0,2,1
13000073_temp.jpg,0,0,0,0,0,0,0,0
13000074_test.jpg,1,7,1,1,1,1,2,1
13000074_temp.jpg,0,0,0,0,0,0,0,0
13000075_test.jpg,1,6,1,0,1,1,2,1
13000075_temp.jpg,0,0,0,0,0,0,0,0
13000076_test.jpg,1,7,1,1,1,2,1,1
13000076_temp.jpg,0,0,0,0,0,0,0,0
13000077_test.jpg,1,7,1,2,2,0,1,1
13000077_temp.jpg,0,0,0,0,0,0,0,0
13000078_test.jpg,1,5,0,0,2,1,1,1
13000078_temp.jpg,0,0,0,0,0,0,0,0
13000079_test.jpg,1,7,1,1,1,1,1,2
13000079_temp.jpg,0,0,0,0,0,0,0,0
13000080_test.jpg,1,11,2,3,3,0,2,1
13000080_temp.jpg,0,0,0,0,0,0,0,0
13000081_test.jpg,1,10,4,0,2,1,2,1
13000081_temp.jpg,0,0,0,0,0,0,0,0
13000082_test.jpg,1,6,2,1,0,1,1,1
13000082_temp.jpg,0,0,0,0,0,0,0,0
13000083_test.jpg,1,9,2,0,1,2,2,2
13000083_temp.jpg,0,0,0,0,0,0,0,0
13000084_test.jpg,1,7,2,0,2,1,1,1
13000084_temp.jpg,0,0,0,0,0,0,0,0
13000085_test.jpg,1,9,3,1,2,1,1,1
13000085_temp.jpg,0,0,0,0,0,0,0,0
13000086_test.jpg,1,8,1,1,3,1,1,1
13000086_temp.jpg,0,0,0,0,0,0,0,0
13000087_test.jpg,1,8,1,2,1,2,1,1
13000087_temp.jpg,0,0,0,0,0,0,0,0
13000088_test.jpg,1,5,0,0,1,3,0,1
13000088_temp.jpg,0,0,0,0,0,0,0,0
13000089_test.jpg,1,5,0,0,1,2,1,1
13000089_temp.jpg,0,0,0,0,0,0,0,0
13000090_test.jpg,1,5,2,0,0,1,1,1
13000090_temp.jpg,0,0,0,0,0,0,0,0
13000091_test.jpg,1,8,2,0,2,1,2,1
13000091_temp.jpg,0,0,0,0,0,0,0,0
13000092_test.jpg,1,8,2,1,2,1,1,1
13000092_temp.jpg,0,0,0,0,0,0,0,0
13000093_test.jpg,1,9,2,1,2,2,1,1
13000093_temp.jpg,0,0,0,0,0,0,0,0
13000094_test.jpg,1,5,1,1,1,1,0,1
13000094_temp.jpg,0,0,0,0,0,0,0,0
13000095_test.jpg,1,5,1,1,1,1,0,1
13000095_temp.jpg,0,0,0,0,0,0,0,0
13000096_test.jpg,1,5,1,0,1,1,1,1
13000096_temp.jpg,0,0,0,0,0,0,0,0
13000097_test.jpg,1,6,1,1,1,1,1,1
13000097_temp.jpg,0,0,0,0,0,0,0,0
13000098_test.jpg,1,7,1,1,1,1,2,1
13000098_temp.jpg,0,0,0,0,0,0,0,0
13000099_test.jpg,1,6,2,0,1,1,1,1
13000099_temp.jpg,0,0,0,0,0,0,0,0
13000100_test.jpg,1,8,2,1,0,2,1,2
13000100_temp.jpg,0,0,0,0,0,0,0,0
13000101_test.jpg,1,6,1,1,1,1,0,2
13000101_temp.jpg,0,0,0,0,0,0,0,0
13000102_test.jpg,1,6,1,1,1,1,1,1
13000102_temp.jpg,0,0,0,0,0,0,0,0
13000103_test.jpg,1,6,1,0,2,1,1,1
13000103_temp.jpg,0,0,0,0,0,0,0,0
13000104_test.jpg,1,7,1,1,2,1,1,1
13000104_temp.jpg,0,0,0,0,0,0,0,0
13000105_test.jpg,1,6,2,0,1,2,0,1
13000105_temp.jpg,0,0,0,0,0,0,0,0
13000106_test.jpg,1,6,0,0,2,1,1,2
13000106_temp.jpg,0,0,0,0,0,0,0,0
13000107_test.jpg,1,7,0,0,2,1,2,2
13000107_temp.jpg,0,0,0,0,0,0,0,0
13000108_test.jpg,1,10,2,3,1,1,2,1
13000108_temp.jpg,0,0,0,0,0,0,0,0
13000109_test.jpg,1,8,1,1,2,2,1,1
13000109_temp.jpg,0,0,0,0,0,0,0,0
13000110_test.jpg,1,7,1,1,1,1,1,2
13000110_temp.jpg,0,0,0,0,0,0,0,0
13000111_test.jpg,1,3,0,0,1,0,1,1
13000111_temp.jpg,0,0,0,0,0,0,0,0
13000112_test.jpg,1,4,0,0,2,0,1,1
13000112_temp.jpg,0,0,0,0,0,0,0,0
13000113_test.jpg,1,5,0,0,3,0,1,1
13000113_temp.jpg,0,0,0,0,0,0,0,0
13000114_test.jpg,1,4,0,0,1,1,0,2
13000114_temp.jpg,0,0,0,0,0,0,0,0
13000115_test.jpg,1,4,0,0,1,0,1,2
13000115_temp.jpg,0,0,0,0,0,0,0,0
13000116_test.jpg,1,5,0,1,1,0,2,1
13000116_temp.jpg,0,0,0,0,0,0,0,0
13000117_test.jpg,1,9,2,1,1,3,1,1
13000117_temp.jpg,0,0,0,0,0,0,0,0
13000118_test.jpg,1,6,1,1,1,1,1,1
13000118_temp.jpg,0,0,0,0,0,0,0,0
13000119_test.jpg,1,7,2,1,1,2,1,0
13000119_temp.jpg,0,0,0,0,0,0,0,0
13000120_test.jpg,1,6,1,1,2,1,1,0
13000120_temp.jpg,0,0,0,0,0,0,0,0
13000121_test.jpg,1,5,1,1,1,1,0,1
13000121_temp.jpg,0,0,0,0,0,0,0,0
13000122_test.jpg,1,5,1,0,1,1,1,1
13000122_temp.jpg,0,0,0,0,0,0,0,0
13000123_test.jpg,1,8,1,1,2,1,1,2
13000123_temp.jpg,0,0,0,0,0,0,0,0
13000124_test.jpg,1,5,0,0,2,1,1,1
13000124_temp.jpg,0,0,0,0,0,0,0,0
13000125_test.jpg,1,4,0,0,1,1,1,1
13000125_temp.jpg,0,0,0,0,0,0,0,0
13000126_test.jpg,1,6,1,1,1,1,1,1
13000126_temp.jpg,0,0,0,0,0,0,0,0
13000127_test.jpg,1,6,0,1,2,1,1,1
13000127_temp.jpg,0,0,0,0,0,0,0,0
13000128_test.jpg,1,4,0,1,1,1,1,0
13000128_temp.jpg,0,0,0,0,0,0,0,0
13000129_test.jpg,1,4,0,0,2,0,1,1
13000129_temp.jpg,0,0,0,0,0,0,0,0
13000130_test.jpg,1,3,0,0,1,1,1,0
13000130_temp.jpg,0,0,0,0,0,0,0,0
13000131_test.jpg,1,3,0,0,2,1,0,0
13000131_temp.jpg,0,0,0,0,0,0,0,0
13000132_test.jpg,1,4,0,0,1,0,1,2
13000132_temp.jpg,0,0,0,0,0,0,0,0
13000133_test.jpg,1,4,0,0,2,1,0,1
13000133_temp.jpg,0,0,0,0,0,0,0,0
13000134_test.jpg,1,4,0,0,1,1,1,1
13000134_temp.jpg,0,0,0,0,0,0,0,0
13000135_test.jpg,1,5,1,0,1,0,1,2
13000135_temp.jpg,0,0,0,0,0,0,0,0
13000136_test.jpg,1,5,2,0,1,0,2,0
13000136_temp.jpg,0,0,0,0,0,0,0,0
13000137_test.jpg,1,6,1,1,1,2,1,0
13000137_temp.jpg,0,0,0,0,0,0,0,0
13000138_test.jpg,1,7,2,1,0,1,2,1
13000138_temp.jpg,0,0,0,0,0,0,0,0
13000139_test.jpg,1,7,1,1,2,1,1,1
13000139_temp.jpg,0,0,0,0,0,0,0,0
13000140_test.jpg,1,7,1,1,1,2,1,1
13000140_temp.jpg,0,0,0,0,0,0,0,0
13000141_test.jpg,1,6,1,0,1,2,1,1
13000141_temp.jpg,0,0,0,0,0,0,0,0
13000142_test.jpg,1,6,0,0,2,2,1,1
13000142_temp.jpg,0,0,0,0,0,0,0,0
13000143_test.jpg,1,4,0,0,1,1,1,1
13000143_temp.jpg,0,0,0,0,0,0,0,0
13000144_test.jpg,1,7,1,1,1,1,2,1
13000144_temp.jpg,0,0,0,0,0,0,0,0
13000145_test.jpg,1,5,1,1,0,1,1,1
13000145_temp.jpg,0,0,0,0,0,0,0,0
13000146_test.jpg,1,4,0,0,0,2,0,2
13000146_temp.jpg,0,0,0,0,0,0,0,0
13000147_test.jpg,1,5,0,0,1,2,1,1
13000147_temp.jpg,0,0,0,0,0,0,0,0
13000148_test.jpg,1,4,0,0,2,1,0,1
13000148_temp.jpg,0,0,0,0,0,0,0,0
13000149_test.jpg,1,5,0,0,2,0,1,2
13000149_temp.jpg,0,0,0,0,0,0,0,0
13000150_test.jpg,1,5,0,0,2,1,1,1
13000150_temp.jpg,0,0,0,0,0,0,0,0
13000151_test.jpg,1,5,0,1,1,1,1,1
13000151_temp.jpg,0,0,0,0,0,0,0,0
13000152_test.jpg,1,4,0,0,1,1,1,1
13000152_temp.jpg,0,0,0,0,0,0,0,0
13000153_test.jpg,1,5,0,0,1,1,1,2
13000153_temp.jpg,0,0,0,0,0,0,0,0
13000154_test.jpg,1,5,1,0,0,1,2,1
13000154_temp.jpg,0,0,0,0,0,0,0,0
13000155_test.jpg,1,9,3,0,0,3,1,2
13000155_temp.jpg,0,0,0,0,0,0,0,0
13000156_test.jpg,1,6,1,1,1,0,1,2
13000156_temp.jpg,0,0,0,0,0,0,0,0
13000157_test.jpg,1,5,1,0,1,1,1,1
13000157_temp.jpg,0,0,0,0,0,0,0,0
13000158_test.jpg,1,6,1,0,2,0,1,2
13000158_temp.jpg,0,0,0,0,0,0,0,0
13000159_test.jpg,1,4,0,0,1,1,1,1
13000159_temp.jpg,0,0,0,0,0,0,0,0
13000160_test.jpg,1,6,1,0,2,1,1,1
13000160_temp.jpg,0,0,0,0,0,0,0,0
13000161_test.jpg,1,6,1,0,2,1,1,1
13000161_temp.jpg,0,0,0,0,0,0,0,0
13000162_test.jpg,1,5,1,2,1,1,0,0
13000162_temp.jpg,0,0,0,0,0,0,0,0
13000163_test.jpg,1,4,0,1,0,1,1,1
13000163_temp.jpg,0,0,0,0,0,0,0,0
13000164_test.jpg,1,5,0,0,1,2,1,1
13000164_temp.jpg,0,0,0,0,0,0,0,0
13000165_test.jpg,1,6,0,0,2,2,1,1
13000165_temp.jpg,0,0,0,0,0,0,0,0
13000166_test.jpg,1,3,0,0,2,0,0,1
13000166_temp.jpg,0,0,0,0,0,0,0,0
13000167_test.jpg,1,4,0,0,2,0,1,1
13000167_temp.jpg,0,0,0,0,0,0,0,0
13000168_test.jpg,1,4,0,0,1,1,0,2
13000168_temp.jpg,0,0,0,0,0,0,0,0
13000169_test.jpg,1,6,0,0,2,2,1,1
13000169_temp.jpg,0,0,0,0,0,0,0,0
13000170_test.jpg,1,6,0,0,2,1,1,2
13000170_temp.jpg,0,0,0,0,0,0,0,0
13000171_test.jpg,1,5,0,0,2,1,1,1
13000171_temp.jpg,0,0,0,0,0,0,0,0
13000172_test.jpg,1,4,1,0,2,0,0,1
13000172_temp.jpg,0,0,0,0,0,0,0,0
13000173_test.jpg,1,8,1,0,2,2,1,2
13000173_temp.jpg,0,0,0,0,0,0,0,0
13000174_test.jpg,1,6,1,1,1,1,1,1
13000174_temp.jpg,0,0,0,0,0,0,0,0
13000175_test.jpg,1,6,1,0,2,0,2,1
13000175_temp.jpg,0,0,0,0,0,0,0,0
13000176_test.jpg,1,5,0,0,2,1,1,1
13000176_temp.jpg,0,0,0,0,0,0,0,0
13000177_test.jpg,1,5,1,0,1,1,1,1
13000177_temp.jpg,0,0,0,0,0,0,0,0
13000178_test.jpg,1,7,1,0,4,1,1,0
13000178_temp.jpg,0,0,0,0,0,0,0,0
13000179_test.jpg,1,4,1,0,1,0,1,1
13000179_temp.jpg,0,0,0,0,0,0,0,0
13000180_test.jpg,1,6,0,0,2,1,2,1
13000180_temp.jpg,0,0,0,0,0,0,0,0
13000181_test.jpg,1,7,1,0,2,2,1,1
13000181_temp.jpg,0,0,0,0,0,0,0,0
13000182_test.jpg,1,7,2,0,1,2,1,1
13000182_temp.jpg,0,0,0,0,0,0,0,0
13000183_test.jpg,1,7,1,0,2,1,2,1
13000183_temp.jpg,0,0,0,0,0,0,0,0
13000184_test.jpg,1,8,1,0,2,3,1,1
13000184_temp.jpg,0,0,0,0,0,0,0,0
13000185_test.jpg,1,6,2,0,1,0,2,1
13000185_temp.jpg,0,0,0,0,0,0,0,0
13000186_test.jpg,1,6,2,0,2,1,0,1
13000186_temp.jpg,0,0,0,0,0,0,0,0
13000187_test.jpg,1,5,0,1,2,0,1,1
13000187_temp.jpg,0,0,0,0,0,0,0,0
13000188_test.jpg,1,6,1,0,3,1,1,0
13000188_temp.jpg,0,0,0,0,0,0,0,0
13000189_test.jpg,1,6,0,0,1,3,1,1
13000189_temp.jpg,0,0,0,0,0,0,0,0
13000190_test.jpg,1,6,0,0,2,2,1,1
13000190_temp.jpg,0,0,0,0,0,0,0,0
13000191_test.jpg,1,6,0,0,2,1,2,1
13000191_temp.jpg,0,0,0,0,0,0,0,0
13000192_test.jpg,1,6,0,0,3,0,2,1
13000192_temp.jpg,0,0,0,0,0,0,0,0
13000193_test.jpg,1,4,1,0,1,1,0,1
13000193_temp.jpg,0,0,0,0,0,0,0,0
13000194_test.jpg,1,6,1,0,1,1,2,1
13000194_temp.jpg,0,0,0,0,0,0,0,0
13000195_test.jpg,1,6,1,0,2,1,1,1
13000195_temp.jpg,0,0,0,0,0,0,0,0
13000196_test.jpg,1,6,0,2,0,0,2,2
13000196_temp.jpg,0,0,0,0,0,0,0,0
13000197_test.jpg,1,6,1,1,1,1,1,1
13000197_temp.jpg,0,0,0,0,0,0,0,0
00041000_test.jpg,1,10,1,1,1,2,2,3
00041000_temp.jpg,0,0,0,0,0,0,0,0
00041001_test.jpg,1,6,1,0,2,1,1,1
00041001_temp.jpg,0,0,0,0,0,0,0,0
00041002_test.jpg,1,7,0,1,0,2,1,3
00041002_temp.jpg,0,0,0,0,0,0,0,0
00041003_test.jpg,1,6,1,0,2,0,1,2
00041003_temp.jpg,0,0,0,0,0,0,0,0
00041004_test.jpg,1,8,1,1,2,2,1,1
00041004_temp.jpg,0,0,0,0,0,0,0,0
00041005_test.jpg,1,9,2,1,0,2,2,2
00041005_temp.jpg,0,0,0,0,0,0,0,0
00041006_test.jpg,1,9,1,1,1,3,2,1
00041006_temp.jpg,0,0,0,0,0,0,0,0
00041007_test.jpg,1,8,2,1,2,1,2,0
00041007_temp.jpg,0,0,0,0,0,0,0,0
00041008_test.jpg,1,5,1,1,1,0,1,1
00041008_temp.jpg,0,0,0,0,0,0,0,0
00041009_test.jpg,1,6,1,1,2,1,1,0
00041009_temp.jpg,0,0,0,0,0,0,0,0
00041010_test.jpg,1,9,1,1,1,3,2,1
00041010_temp.jpg,0,0,0,0,0,0,0,0
00041011_test.jpg,1,6,1,2,0,1,2,0
00041011_temp.jpg,0,0,0,0,0,0,0,0
00041012_test.jpg,1,5,1,1,1,0,2,0
00041012_temp.jpg,0,0,0,0,0,0,0,0
00041013_test.jpg,1,9,1,1,2,2,2,1
00041013_temp.jpg,0,0,0,0,0,0,0,0
00041014_test.jpg,1,10,1,1,3,1,3,1
00041014_temp.jpg,0,0,0,0,0,0,0,0
00041015_test.jpg,1,5,1,0,2,0,1,1
00041015_temp.jpg,0,0,0,0,0,0,0,0
00041016_test.jpg,1,8,3,1,1,1,1,1
00041016_temp.jpg,0,0,0,0,0,0,0,0
00041017_test.jpg,1,9,1,0,2,1,2,3
00041017_temp.jpg,0,0,0,0,0,0,0,0
00041018_test.jpg,1,7,1,1,1,1,2,1
00041018_temp.jpg,0,0,0,0,0,0,0,0
00041019_test.jpg,1,6,1,0,2,1,1,1
00041019_temp.jpg,0,0,0,0,0,0,0,0
00041020_test.jpg,1,6,1,0,4,1,0,0
00041020_temp.jpg,0,0,0,0,0,0,0,0
00041021_test.jpg,1,5,1,0,1,1,1,1
00041021_temp.jpg,0,0,0,0,0,0,0,0
00041022_test.jpg,1,5,1,1,1,0,1,1
00041022_temp.jpg,0,0,0,0,0,0,0,0
00041023_test.jpg,1,8,1,2,2,1,1,1
00041023_temp.jpg,0,0,0,0,0,0,0,0
00041024_test.jpg,1,8,1,1,2,2,1,1
00041024_temp.jpg,0,0,0,0,0,0,0,0
00041025_test.jpg,1,8,2,1,2,1,1,1
00041025_temp.jpg,0,0,0,0,0,0,0,0
00041026_test.jpg,1,9,1,1,3,2,1,1
00041026_temp.jpg,0,0,0,0,0,0,0,0
00041027_test.jpg,1,10,1,1,3,1,2,2
00041027_temp.jpg,0,0,0,0,0,0,0,0
00041028_test.jpg,1,9,1,1,2,3,1,1
00041028_temp.jpg,0,0,0,0,0,0,0,0
00041029_test.jpg,1,3,0,0,1,0,1,1
00041029_temp.jpg,0,0,0,0,0,0,0,0
00041030_test.jpg,1,10,1,1,2,2,2,2
00041030_temp.jpg,0,0,0,0,0,0,0,0
00041031_test.jpg,1,10,2,2,2,0,2,2
00041031_temp.jpg,0,0,0,0,0,0,0,0
00041032_test.jpg,1,8,1,1,2,0,2,2
00041032_temp.jpg,0,0,0,0,0,0,0,0
00041033_test.jpg,1,6,1,1,0,2,1,1
00041033_temp.jpg,0,0,0,0,0,0,0,0
00041034_test.jpg,1,9,2,1,2,2,1,1
00041034_temp.jpg,0,0,0,0,0,0,0,0
00041035_test.jpg,1,9,3,0,2,1,2,1
00041035_temp.jpg,0,0,0,0,0,0,0,0
00041036_test.jpg,1,8,1,1,2,1,2,1
00041036_temp.jpg,0,0,0,0,0,0,0,0
00041037_test.jpg,1,8,2,2,1,2,0,1
00041037_temp.jpg,0,0,0,0,0,0,0,0
00041038_test.jpg,1,7,1,0,2,1,2,1
00041038_temp.jpg,0,0,0,0,0,0,0,0
00041039_test.jpg,1,6,1,1,1,1,1,1
00041039_temp.jpg,0,0,0,0,0,0,0,0
00041040_test.jpg,1,9,1,1,3,1,2,1
00041040_temp.jpg,0,0,0,0,0,0,0,0
00041041_test.jpg,1,10,2,0,3,2,1,2
00041041_temp.jpg,0,0,0,0,0,0,0,0
00041042_test.jpg,1,8,2,2,1,1,1,1
00041042_temp.jpg,0,0,0,0,0,0,0,0
00041043_test.jpg,1,10,2,2,2,1,2,1
00041043_temp.jpg,0,0,0,0,0,0,0,0
00041044_test.jpg,1,8,1,1,2,2,1,1
00041044_temp.jpg,0,0,0,0,0,0,0,0
00041045_test.jpg,1,9,1,1,2,2,1,2
00041045_temp.jpg,0,0,0,0,0,0,0,0
00041046_test.jpg,1,6,1,1,1,1,1,1
00041046_temp.jpg,0,0,0,0,0,0,0,0
00041047_test.jpg,1,10,2,2,1,2,2,1
00041047_temp.jpg,0,0,0,0,0,0,0,0
00041048_test.jpg,1,8,1,1,2,2,1,1
00041048_temp.jpg,0,0,0,0,0,0,0,0
00041049_test.jpg,1,8,2,2,0,3,0,1
00041049_temp.jpg,0,0,0,0,0,0,0,0
00041050_test.jpg,1,6,1,1,2,1,0,1
00041050_temp.jpg,0,0,0,0,0,0,0,0
00041051_test.jpg,1,7,1,1,3,0,1,1
00041051_temp.jpg,0,0,0,0,0,0,0,0
00041052_test.jpg,1,9,2,1,3,1,1,1
00041052_temp.jpg,0,0,0,0,0,0,0,0
00041053_test.jpg,1,9,2,1,3,1,1,1
00041053_temp.jpg,0,0,0,0,0,0,0,0
00041054_test.jpg,1,7,0,1,3,2,0,1
00041054_temp.jpg,0,0,0,0,0,0,0,0
00041055_test.jpg,1,7,2,0,2,1,1,1
00041055_temp.jpg,0,0,0,0,0,0,0,0
00041056_test.jpg,1,9,2,1,2,1,1,2
00041056_temp.jpg,0,0,0,0,0,0,0,0
00041057_test.jpg,1,7,1,2,1,1,1,1
00041057_temp.jpg,0,0,0,0,0,0,0,0
00041058_test.jpg,1,6,1,1,0,2,1,1
00041058_temp.jpg,0,0,0,0,0,0,0,0
00041059_test.jpg,1,7,2,1,1,1,1,1
00041059_temp.jpg,0,0,0,0,0,0,0,0
00041060_test.jpg,1,8,1,2,1,2,1,1
00041060_temp.jpg,0,0,0,0,0,0,0,0
00041061_test.jpg,1,8,2,1,1,2,1,1
00041061_temp.jpg,0,0,0,0,0,0,0,0
00041062_test.jpg,1,7,1,0,3,0,2,1
00041062_temp.jpg,0,0,0,0,0,0,0,0
00041063_test.jpg,1,8,2,1,2,1,1,1
00041063_temp.jpg,0,0,0,0,0,0,0,0
00041064_test.jpg,1,9,2,2,1,2,1,1
00041064_temp.jpg,0,0,0,0,0,0,0,0
00041065_test.jpg,1,8,1,1,1,2,1,2
00041065_temp.jpg,0,0,0,0,0,0,0,0
00041066_test.jpg,1,7,1,2,0,2,1,1
00041066_temp.jpg,0,0,0,0,0,0,0,0
00041067_test.jpg,1,9,2,1,3,1,1,1
00041067_temp.jpg,0,0,0,0,0,0,0,0
00041068_test.jpg,1,8,2,1,1,1,1,2
00041068_temp.jpg,0,0,0,0,0,0,0,0
00041069_test.jpg,1,8,1,0,2,3,1,1
00041069_temp.jpg,0,0,0,0,0,0,0,0
00041070_test.jpg,1,10,1,3,3,0,2,1
00041070_temp.jpg,0,0,0,0,0,0,0,0
00041071_test.jpg,1,7,1,1,3,2,0,0
00041071_temp.jpg,0,0,0,0,0,0,0,0
00041072_test.jpg,1,7,1,2,2,1,1,0
00041072_temp.jpg,0,0,0,0,0,0,0,0
00041073_test.jpg,1,9,2,2,3,0,1,1
00041073_temp.jpg,0,0,0,0,0,0,0,0
00041074_test.jpg,1,8,2,1,1,1,2,1
00041074_temp.jpg,0,0,0,0,0,0,0,0
00041075_test.jpg,1,9,2,2,0,2,1,2
00041075_temp.jpg,0,0,0,0,0,0,0,0
00041076_test.jpg,1,8,2,1,1,1,1,2
00041076_temp.jpg,0,0,0,0,0,0,0,0
00041077_test.jpg,1,8,2,1,1,2,1,1
00041077_temp.jpg,0,0,0,0,0,0,0,0
00041078_test.jpg,1,6,1,2,0,1,1,1
00041078_temp.jpg,0,0,0,0,0,0,0,0
00041079_test.jpg,1,9,1,1,2,2,2,1
00041079_temp.jpg,0,0,0,0,0,0,0,0
00041080_test.jpg,1,7,2,1,0,2,1,1
00041080_temp.jpg,0,0,0,0,0,0,0,0
00041081_test.jpg,1,6,1,1,1,1,1,1
00041081_temp.jpg,0,0,0,0,0,0,0,0
00041082_test.jpg,1,7,1,1,2,1,0,2
00041082_temp.jpg,0,0,0,0,0,0,0,0
00041083_test.jpg,1,6,2,0,1,1,1,1
00041083_temp.jpg,0,0,0,0,0,0,0,0
00041084_test.jpg,1,9,2,1,2,2,1,1
00041084_temp.jpg,0,0,0,0,0,0,0,0
00041085_test.jpg,1,6,1,1,1,1,1,1
00041085_temp.jpg,0,0,0,0,0,0,0,0
00041086_test.jpg,1,9,2,1,2,1,2,1
00041086_temp.jpg,0,0,0,0,0,0,0,0
00041087_test.jpg,1,9,2,1,3,0,2,1
00041087_temp.jpg,0,0,0,0,0,0,0,0
00041088_test.jpg,1,8,2,1,2,1,1,1
00041088_temp.jpg,0,0,0,0,0,0,0,0
00041089_test.jpg,1,7,1,2,1,1,1,1
00041089_temp.jpg,0,0,0,0,0,0,0,0
00041090_test.jpg,1,9,1,1,3,2,1,1
00041090_temp.jpg,0,0,0,0,0,0,0,0
00041091_test.jpg,1,9,1,1,3,2,1,1
00041091_temp.jpg,0,0,0,0,0,0,0,0
00041092_test.jpg,1,7,1,1,2,1,1,1
00041092_temp.jpg,0,0,0,0,0,0,0,0
00041093_test.jpg,1,7,2,1,0,2,1,1
00041093_temp.jpg,0,0,0,0,0,0,0,0
00041094_test.jpg,1,8,2,2,1,1,1,1
00041094_temp.jpg,0,0,0,0,0,0,0,0
00041095_test.jpg,1,6,1,1,1,1,1,1
00041095_temp.jpg,0,0,0,0,0,0,0,0
00041096_test.jpg,1,8,2,1,2,0,2,1
00041096_temp.jpg,0,0,0,0,0,0,0,0
00041097_test.jpg,1,7,1,2,2,0,1,1
00041097_temp.jpg,0,0,0,0,0,0,0,0
00041098_test.jpg,1,6,2,1,0,1,1,1
00041098_temp.jpg,0,0,0,0,0,0,0,0
00041099_test.jpg,1,7,2,2,1,0,1,1
00041099_temp.jpg,0,0,0,0,0,0,0,0
00041100_test.jpg,1,9,1,1,4,0,1,2
00041100_temp.jpg,0,0,0,0,0,0,0,0
00041101_test.jpg,1,8,1,2,1,3,0,1
00041101_temp.jpg,0,0,0,0,0,0,0,0
00041102_test.jpg,1,8,2,1,2,1,1,1
00041102_temp.jpg,0,0,0,0,0,0,0,0
00041103_test.jpg,1,9,2,1,2,1,2,1
00041103_temp.jpg,0,0,0,0,0,0,0,0
00041104_test.jpg,1,8,2,0,3,1,1,1
00041104_temp.jpg,0,0,0,0,0,0,0,0
00041105_test.jpg,1,10,1,1,5,1,1,1
00041105_temp.jpg,0,0,0,0,0,0,0,0
00041106_test.jpg,1,8,2,1,0,3,1,1
00041106_temp.jpg,0,0,0,0,0,0,0,0
00041107_test.jpg,1,7,0,0,1,3,2,1
00041107_temp.jpg,0,0,0,0,0,0,0,0
00041108_test.jpg,1,9,3,1,2,1,1,1
00041108_temp.jpg,0,0,0,0,0,0,0,0
00041109_test.jpg,1,9,0,0,3,3,1,2
00041109_temp.jpg,0,0,0,0,0,0,0,0
00041110_test.jpg,1,9,0,2,3,1,1,2
00041110_temp.jpg,0,0,0,0,0,0,0,0
00041111_test.jpg,1,8,2,1,2,1,1,1
00041111_temp.jpg,0,0,0,0,0,0,0,0
00041112_test.jpg,1,8,1,1,2,1,2,1
00041112_temp.jpg,0,0,0,0,0,0,0,0
00041113_test.jpg,1,7,2,0,1,2,1,1
00041113_temp.jpg,0,0,0,0,0,0,0,0
00041114_test.jpg,1,9,1,2,2,1,2,1
00041114_temp.jpg,0,0,0,0,0,0,0,0
00041115_test.jpg,1,9,1,1,3,1,2,1
00041115_temp.jpg,0,0,0,0,0,0,0,0
00041116_test.jpg,1,9,2,0,2,2,1,2
00041116_temp.jpg,0,0,0,0,0,0,0,0
00041117_test.jpg,1,9,1,0,2,2,2,2
00041117_temp.jpg,0,0,0,0,0,0,0,0
00041118_test.jpg,1,8,3,2,1,1,1,0
00041118_temp.jpg,0,0,0,0,0,0,0,0
00041119_test.jpg,1,7,1,2,1,3,0,0
00041119_temp.jpg,0,0,0,0,0,0,0,0
00041120_test.jpg,1,8,1,1,1,2,1,2
00041120_temp.jpg,0,0,0,0,0,0,0,0
00041121_test.jpg,1,8,1,1,2,1,2,1
00041121_temp.jpg,0,0,0,0,0,0,0,0
00041122_test.jpg,1,10,3,2,0,3,0,2
00041122_temp.jpg,0,0,0,0,0,0,0,0
00041123_test.jpg,1,8,1,1,3,1,1,1
00041123_temp.jpg,0,0,0,0,0,0,0,0
00041124_test.jpg,1,10,1,2,3,1,2,1
00041124_temp.jpg,0,0,0,0,0,0,0,0
00041125_test.jpg,1,9,1,2,2,1,2,1
00041125_temp.jpg,0,0,0,0,0,0,0,0
00041126_test.jpg,1,12,1,0,4,3,2,2
00041126_temp.jpg,0,0,0,0,0,0,0,0
00041127_test.jpg,1,7,1,3,1,1,0,1
00041127_temp.jpg,0,0,0,0,0,0,0,0
00041128_test.jpg,1,7,1,1,1,2,1,1
00041128_temp.jpg,0,0,0,0,0,0,0,0
00041129_test.jpg,1,9,2,2,3,1,1,0
00041129_temp.jpg,0,0,0,0,0,0,0,0
00041130_test.jpg,1,8,1,0,3,2,1,1
00041130_temp.jpg,0,0,0,0,0,0,0,0
00041131_test.jpg,1,8,1,1,1,2,1,2
00041131_temp.jpg,0,0,0,0,0,0,0,0
00041132_test.jpg,1,9,0,3,3,0,2,1
00041132_temp.jpg,0,0,0,0,0,0,0,0
00041133_test.jpg,1,6,1,1,1,1,1,1
00041133_temp.jpg,0,0,0,0,0,0,0,0
00041134_test.jpg,1,7,1,0,2,1,1,2
00041134_temp.jpg,0,0,0,0,0,0,0,0
00041135_test.jpg,1,7,1,1,3,0,1,1
00041135_temp.jpg,0,0,0,0,0,0,0,0
00041136_test.jpg,1,11,2,3,1,2,2,1
00041136_temp.jpg,0,0,0,0,0,0,0,0
00041137_test.jpg,1,9,2,1,3,0,2,1
00041137_temp.jpg,0,0,0,0,0,0,0,0
00041138_test.jpg,1,8,1,2,2,1,1,1
00041138_temp.jpg,0,0,0,0,0,0,0,0
00041139_test.jpg,1,8,2,3,0,1,1,1
00041139_temp.jpg,0,0,0,0,0,0,0,0
00041140_test.jpg,1,8,1,2,1,2,1,1
00041140_temp.jpg,0,0,0,0,0,0,0,0
00041141_test.jpg,1,6,2,1,1,0,1,1
00041141_temp.jpg,0,0,0,0,0,0,0,0
00041142_test.jpg,1,6,1,1,1,1,1,1
00041142_temp.jpg,0,0,0,0,0,0,0,0
00041143_test.jpg,1,7,1,0,1,3,1,1
00041143_temp.jpg,0,0,0,0,0,0,0,0
00041144_test.jpg,1,8,2,2,0,1,2,1
00041144_temp.jpg,0,0,0,0,0,0,0,0
00041145_test.jpg,1,8,2,0,2,2,1,1
00041145_temp.jpg,0,0,0,0,0,0,0,0
00041146_test.jpg,1,8,1,0,4,2,1,0
00041146_temp.jpg,0,0,0,0,0,0,0,0
00041147_test.jpg,1,9,2,0,4,2,0,1
00041147_temp.jpg,0,0,0,0,0,0,0,0
00041148_test.jpg,1,9,3,1,1,1,2,1
00041148_temp.jpg,0,0,0,0,0,0,0,0
00041149_test.jpg,1,9,2,2,2,1,1,1
00041149_temp.jpg,0,0,0,0,0,0,0,0
00041150_test.jpg,1,6,1,1,1,1,1,1
00041150_temp.jpg,0,0,0,0,0,0,0,0
00041151_test.jpg,1,7,2,1,2,1,0,1
00041151_temp.jpg,0,0,0,0,0,0,0,0
00041152_test.jpg,1,9,2,0,4,1,1,1
00041152_temp.jpg,0,0,0,0,0,0,0,0
00041153_test.jpg,1,7,2,0,2,1,1,1
00041153_temp.jpg,0,0,0,0,0,0,0,0
00041154_test.jpg,1,8,1,2,1,2,1,1
00041154_temp.jpg,0,0,0,0,0,0,0,0
00041155_test.jpg,1,9,3,1,0,2,1,2
00041155_temp.jpg,0,0,0,0,0,0,0,0
00041156_test.jpg,1,9,1,1,3,2,1,1
00041156_temp.jpg,0,0,0,0,0,0,0,0
00041157_test.jpg,1,5,1,0,2,1,1,0
00041157_temp.jpg,0,0,0,0,0,0,0,0
00041158_test.jpg,1,8,2,1,3,0,1,1
00041158_temp.jpg,0,0,0,0,0,0,0,0
00041159_test.jpg,1,7,1,1,2,1,1,1
00041159_temp.jpg,0,0,0,0,0,0,0,0
00041160_test.jpg,1,9,2,3,1,1,1,1
00041160_temp.jpg,0,0,0,0,0,0,0,0
00041161_test.jpg,1,9,2,0,2,2,2,1
00041161_temp.jpg,0,0,0,0,0,0,0,0
00041162_test.jpg,1,7,1,1,1,2,1,1
00041162_temp.jpg,0,0,0,0,0,0,0,0
00041163_test.jpg,1,7,1,1,3,0,1,1
00041163_temp.jpg,0,0,0,0,0,0,0,0
00041164_test.jpg,1,9,3,0,2,2,1,1
00041164_temp.jpg,0,0,0,0,0,0,0,0
00041165_test.jpg,1,7,2,1,1,0,2,1
00041165_temp.jpg,0,0,0,0,0,0,0,0
00041166_test.jpg,1,8,1,1,4,0,2,0
00041166_temp.jpg,0,0,0,0,0,0,0,0
00041167_test.jpg,1,7,2,2,0,1,1,1
00041167_temp.jpg,0,0,0,0,0,0,0,0
00041168_test.jpg,1,8,2,0,1,1,2,2
00041168_temp.jpg,0,0,0,0,0,0,0,0
00041169_test.jpg,1,6,1,1,1,1,1,1
00041169_temp.jpg,0,0,0,0,0,0,0,0
00041170_test.jpg,1,8,2,1,2,1,1,1
00041170_temp.jpg,0,0,0,0,0,0,0,0
00041171_test.jpg,1,7,2,1,0,2,1,1
00041171_temp.jpg,0,0,0,0,0,0,0,0
00041172_test.jpg,1,7,1,3,0,1,1,1
00041172_temp.jpg,0,0,0,0,0,0,0,0
00041173_test.jpg,1,6,2,1,0,1,1,1
00041173_temp.jpg,0,0,0,0,0,0,0,0
00041174_test.jpg,1,7,1,1,2,2,0,1
00041174_temp.jpg,0,0,0,0,0,0,0,0
00041175_test.jpg,1,6,1,0,4,0,0,1
00041175_temp.jpg,0,0,0,0,0,0,0,0
00041176_test.jpg,1,8,2,1,2,1,1,1
00041176_temp.jpg,0,0,0,0,0,0,0,0
00041177_test.jpg,1,6,1,1,2,2,0,0
00041177_temp.jpg,0,0,0,0,0,0,0,0
00041178_test.jpg,1,8,2,0,3,1,1,1
00041178_temp.jpg,0,0,0,0,0,0,0,0
00041179_test.jpg,1,7,1,0,3,1,1,1
00041179_temp.jpg,0,0,0,0,0,0,0,0
00041180_test.jpg,1,9,1,1,2,2,2,1
00041180_temp.jpg,0,0,0,0,0,0,0,0
00041181_test.jpg,1,8,1,1,1,2,1,2
00041181_temp.jpg,0,0,0,0,0,0,0,0
00041182_test.jpg,1,7,1,0,3,1,1,1
00041182_temp.jpg,0,0,0,0,0,0,0,0
00041183_test.jpg,1,9,2,2,1,2,0,2
00041183_temp.jpg,0,0,0,0,0,0,0,0
00041184_test.jpg,1,7,1,1,1,1,2,1
00041184_temp.jpg,0,0,0,0,0,0,0,0
00041185_test.jpg,1,6,1,0,1,1,1,2
00041185_temp.jpg,0,0,0,0,0,0,0,0
00041186_test.jpg,1,6,1,1,1,2,0,1
00041186_temp.jpg,0,0,0,0,0,0,0,0
00041187_test.jpg,1,8,1,2,2,1,1,1
00041187_temp.jpg,0,0,0,0,0,0,0,0
00041188_test.jpg,1,7,1,1,1,2,1,1
00041188_temp.jpg,0,0,0,0,0,0,0,0
00041189_test.jpg,1,8,1,1,1,2,1,2
00041189_temp.jpg,0,0,0,0,0,0,0,0
00041190_test.jpg,1,6,1,1,1,1,1,1
00041190_temp.jpg,0,0,0,0,0,0,0,0
00041191_test.jpg,1,4,1,0,2,0,0,1
00041191_temp.jpg,0,0,0,0,0,0,0,0
00041192_test.jpg,1,7,1,0,3,1,1,1
00041192_temp.jpg,0,0,0,0,0,0,0,0
00041193_test.jpg,1,6,1,0,1,1,2,1
00041193_temp.jpg,0,0,0,0,0,0,0,0
00041194_test.jpg,1,4,1,0,2,0,1,0
00041194_temp.jpg,0,0,0,0,0,0,0,0
00041195_test.jpg,1,7,1,0,2,1,1,2
00041195_temp.jpg,0,0,0,0,0,0,0,0
00041196_test.jpg,1,5,2,0,1,1,1,0
00041196_temp.jpg,0,0,0,0,0,0,0,0
00041197_test.jpg,1,6,1,0,3,0,1,1
00041197_temp.jpg,0,0,0,0,0,0,0,0
00041198_test.jpg,1,4,1,0,1,0,1,1
00041198_temp.jpg,0,0,0,0,0,0,0,0
00041199_test.jpg,1,5,1,0,2,0,1,1
00041199_temp.jpg,0,0,0,0,0,0,0,0
77000000_test.jpg,1,5,1,1,3,0,0,0
77000000_temp.jpg,0,0,0,0,0,0,0,0
77000001_test.jpg,1,7,1,1,2,1,1,1
77000001_temp.jpg,0,0,0,0,0,0,0,0
77000002_test.jpg,1,6,1,1,2,0,1,1
77000002_temp.jpg,0,0,0,0,0,0,0,0
77000003_test.jpg,1,7,0,2,1,1,2,1
77000003_temp.jpg,0,0,0,0,0,0,0,0
77000004_test.jpg,1,6,2,1,1,0,1,1
77000004_temp.jpg,0,0,0,0,0,0,0,0
77000005_test.jpg,1,5,1,2,1,0,0,1
77000005_temp.jpg,0,0,0,0,0,0,0,0
77000006_test.jpg,1,5,1,0,1,1,1,1
77000006_temp.jpg,0,0,0,0,0,0,0,0
77000007_test.jpg,1,6,2,0,1,1,1,1
77000007_temp.jpg,0,0,0,0,0,0,0,0
77000008_test.jpg,1,7,1,1,1,1,1,2
77000008_temp.jpg,0,0,0,0,0,0,0,0
77000009_test.jpg,1,8,0,1,2,1,2,2
77000009_temp.jpg,0,0,0,0,0,0,0,0
77000010_test.jpg,1,5,0,1,1,1,1,1
77000010_temp.jpg,0,0,0,0,0,0,0,0
77000011_test.jpg,1,6,1,1,1,0,2,1
77000011_temp.jpg,0,0,0,0,0,0,0,0
77000012_test.jpg,1,5,0,2,0,1,1,1
77000012_temp.jpg,0,0,0,0,0,0,0,0
77000013_test.jpg,1,5,0,1,2,0,1,1
77000013_temp.jpg,0,0,0,0,0,0,0,0
77000014_test.jpg,1,4,0,0,0,2,0,2
77000014_temp.jpg,0,0,0,0,0,0,0,0
77000015_test.jpg,1,6,1,0,2,1,1,1
77000015_temp.jpg,0,0,0,0,0,0,0,0
77000016_test.jpg,1,8,1,1,2,2,1,1
77000016_temp.jpg,0,0,0,0,0,0,0,0
77000017_test.jpg,1,6,1,0,1,2,0,2
77000017_temp.jpg,0,0,0,0,0,0,0,0
77000018_test.jpg,1,6,0,1,2,1,1,1
77000018_temp.jpg,0,0,0,0,0,0,0,0
77000019_test.jpg,1,6,1,1,1,1,1,1
77000019_temp.jpg,0,0,0,0,0,0,0,0
77000020_test.jpg,1,6,1,1,1,1,1,1
77000020_temp.jpg,0,0,0,0,0,0,0,0
77000021_test.jpg,1,6,1,0,1,2,1,1
77000021_temp.jpg,0,0,0,0,0,0,0,0
77000022_test.jpg,1,4,1,1,1,1,0,0
77000022_temp.jpg,0,0,0,0,0,0,0,0
77000023_test.jpg,1,3,0,1,1,1,0,0
77000023_temp.jpg,0,0,0,0,0,0,0,0
77000024_test.jpg,1,8,1,3,1,1,1,1
77000024_temp.jpg,0,0,0,0,0,0,0,0
77000025_test.jpg,1,6,1,1,1,0,2,1
77000025_temp.jpg,0,0,0,0,0,0,0,0
77000026_test.jpg,1,2,0,1,0,0,1,0
77000026_temp.jpg,0,0,0,0,0,0,0,0
77000027_test.jpg,1,10,1,1,2,1,2,3
77000027_temp.jpg,0,0,0,0,0,0,0,0
77000028_test.jpg,1,7,2,1,1,1,1,1
77000028_temp.jpg,0,0,0,0,0,0,0,0
77000029_test.jpg,1,6,1,1,2,0,1,1
77000029_temp.jpg,0,0,0,0,0,0,0,0
77000030_test.jpg,1,7,0,3,1,1,1,1
77000030_temp.jpg,0,0,0,0,0,0,0,0
77000031_test.jpg,1,7,2,0,1,0,2,2
77000031_temp.jpg,0,0,0,0,0,0,0,0
77000032_test.jpg,1,5,1,0,1,1,0,2
77000032_temp.jpg,0,0,0,0,0,0,0,0
77000033_test.jpg,1,6,2,2,0,0,1,1
77000033_temp.jpg,0,0,0,0,0,0,0,0
77000034_test.jpg,1,6,0,2,1,1,0,2
77000034_temp.jpg,0,0,0,0,0,0,0,0
77000035_test.jpg,1,6,1,0,3,0,0,2
77000035_temp.jpg,0,0,0,0,0,0,0,0
77000036_test.jpg,1,5,0,0,1,1,2,1
77000036_temp.jpg,0,0,0,0,0,0,0,0
77000037_test.jpg,1,4,1,1,0,2,0,0
77000037_temp.jpg,0,0,0,0,0,0,0,0
77000038_test.jpg,1,7,1,1,0,3,1,1
77000038_temp.jpg,0,0,0,0,0,0,0,0
77000039_test.jpg,1,5,1,0,1,1,1,1
77000039_temp.jpg,0,0,0,0,0,0,0,0
77000040_test.jpg,1,7,1,0,1,3,1,1
77000040_temp.jpg,0,0,0,0,0,0,0,0
77000041_test.jpg,1,7,2,0,1,1,1,2
77000041_temp.jpg,0,0,0,0,0,0,0,0
77000042_test.jpg,1,4,1,0,1,0,1,1
77000042_temp.jpg,0,0,0,0,0,0,0,0
77000043_test.jpg,1,7,1,0,1,2,2,1
77000043_temp.jpg,0,0,0,0,0,0,0,0
77000044_test.jpg,1,6,1,1,1,1,1,1
77000044_temp.jpg,0,0,0,0,0,0,0,0
77000045_test.jpg,1,6,1,1,0,3,0,1
77000045_temp.jpg,0,0,0,0,0,0,0,0
77000046_test.jpg,1,6,2,0,1,1,1,1
77000046_temp.jpg,0,0,0,0,0,0,0,0
77000047_test.jpg,1,4,1,1,0,0,1,1
77000047_temp.jpg,0,0,0,0,0,0,0,0
77000048_test.jpg,1,6,2,0,1,1,1,1
77000048_temp.jpg,0,0,0,0,0,0,0,0
77000049_test.jpg,1,3,1,0,0,0,1,1
77000049_temp.jpg,0,0,0,0,0,0,0,0
77000050_test.jpg,1,5,1,1,1,0,1,1
77000050_temp.jpg,0,0,0,0,0,0,0,0
77000051_test.jpg,1,7,1,1,1,3,0,1
77000051_temp.jpg,0,0,0,0,0,0,0,0
77000052_test.jpg,1,5,1,2,0,1,0,1
77000052_temp.jpg,0,0,0,0,0,0,0,0
77000053_test.jpg,1,1,0,0,0,0,1,0
77000053_temp.jpg,0,0,0,0,0,0,0,0
77000054_test.jpg,1,4,1,0,1,0,1,1
77000054_temp.jpg,0,0,0,0,0,0,0,0
77000055_test.jpg,1,5,1,1,1,1,0,1
77000055_temp.jpg,0,0,0,0,0,0,0,0
77000056_test.jpg,1,4,1,0,0,1,1,1
77000056_temp.jpg,0,0,0,0,0,0,0,0
77000057_test.jpg,1,3,1,0,2,0,0,0
77000057_temp.jpg,0,0,0,0,0,0,0,0
77000058_test.jpg,1,4,1,1,0,1,1,0
77000058_temp.jpg,0,0,0,0,0,0,0,0
77000059_test.jpg,1,3,0,0,1,0,1,1
77000059_temp.jpg,0,0,0,0,0,0,0,0
77000060_test.jpg,1,4,1,1,0,1,0,1
77000060_temp.jpg,0,0,0,0,0,0,0,0
77000061_test.jpg,1,2,1,1,0,0,0,0
77000061_temp.jpg,0,0,0,0,0,0,0,0
77000062_test.jpg,1,4,0,1,1,1,0,1
77000062_temp.jpg,0,0,0,0,0,0,0,0
77000063_test.jpg,1,5,1,1,2,0,1,0
77000063_temp.jpg,0,0,0,0,0,0,0,0
77000064_test.jpg,1,4,0,0,1,1,1,1
77000064_temp.jpg,0,0,0,0,0,0,0,0
77000065_test.jpg,1,6,1,1,2,0,0,2
77000065_temp.jpg,0,0,0,0,0,0,0,0
77000066_test.jpg,1,5,1,0,2,1,0,1
77000066_temp.jpg,0,0,0,0,0,0,0,0
77000067_test.jpg,1,3,0,0,1,1,0,1
77000067_temp.jpg,0,0,0,0,0,0,0,0
77000068_test.jpg,1,3,1,0,0,1,0,1
77000068_temp.jpg,0,0,0,0,0,0,0,0
77000069_test.jpg,1,4,1,0,1,0,1,1
77000069_temp.jpg,0,0,0,0,0,0,0,0
77000070_test.jpg,1,7,0,1,0,2,2,2
77000070_temp.jpg,0,0,0,0,0,0,0,0
77000071_test.jpg,1,4,1,1,0,0,1,1
77000071_temp.jpg,0,0,0,0,0,0,0,0
77000072_test.jpg,1,3,0,0,0,1,1,1
77000072_temp.jpg,0,0,0,0,0,0,0,0
77000073_test.jpg,1,4,1,1,0,0,1,1
77000073_temp.jpg,0,0,0,0,0,0,0,0
77000074_test.jpg,1,4,1,1,1,1,0,0
77000074_temp.jpg,0,0,0,0,0,0,0,0
77000075_test.jpg,1,5,1,1,1,1,0,1
77000075_temp.jpg,0,0,0,0,0,0,0,0
77000076_test.jpg,1,6,1,1,1,1,1,1
77000076_temp.jpg,0,0,0,0,0,0,0,0
77000077_test.jpg,1,3,0,0,1,0,1,1
77000077_temp.jpg,0,0,0,0,0,0,0,0
77000078_test.jpg,1,4,1,0,1,0,1,1
77000078_temp.jpg,0,0,0,0,0,0,0,0
77000079_test.jpg,1,7,1,1,0,2,1,2
77000079_temp.jpg,0,0,0,0,0,0,0,0
77000080_test.jpg,1,2,0,1,0,0,1,0
77000080_temp.jpg,0,0,0,0,0,0,0,0
77000081_test.jpg,1,6,1,1,1,1,1,1
77000081_temp.jpg,0,0,0,0,0,0,0,0
77000082_test.jpg,1,7,1,1,2,1,1,1
77000082_temp.jpg,0,0,0,0,0,0,0,0
77000083_test.jpg,1,6,1,1,1,1,1,1
77000083_temp.jpg,0,0,0,0,0,0,0,0
77000084_test.jpg,1,8,1,0,2,1,2,2
77000084_temp.jpg,0,0,0,0,0,0,0,0
77000085_test.jpg,1,5,1,0,1,1,1,1
77000085_temp.jpg,0,0,0,0,0,0,0,0
77000086_test.jpg,1,4,0,0,1,0,1,2
77000086_temp.jpg,0,0,0,0,0,0,0,0
77000087_test.jpg,1,5,1,1,1,1,1,0
77000087_temp.jpg,0,0,0,0,0,0,0,0
77000088_test.jpg,1,7,1,0,2,1,1,2
77000088_temp.jpg,0,0,0,0,0,0,0,0
77000089_test.jpg,1,5,1,1,1,1,0,1
77000089_temp.jpg,0,0,0,0,0,0,0,0
77000090_test.jpg,1,4,1,0,1,1,0,1
77000090_temp.jpg,0,0,0,0,0,0,0,0
77000091_test.jpg,1,4,1,0,1,1,0,1
77000091_temp.jpg,0,0,0,0,0,0,0,0
77000092_test.jpg,1,7,0,1,3,0,1,2
77000092_temp.jpg,0,0,0,0,0,0,0,0
77000093_test.jpg,1,5,1,0,1,1,1,1
77000093_temp.jpg,0,0,0,0,0,0,0,0
77000094_test.jpg,1,5,1,0,1,0,2,1
77000094_temp.jpg,0,0,0,0,0,0,0,0
77000095_test.jpg,1,6,1,1,1,1,1,1
77000095_temp.jpg,0,0,0,0,0,0,0,0
77000096_test.jpg,1,5,1,1,0,1,1,1
77000096_temp.jpg,0,0,0,0,0,0,0,0
77000097_test.jpg,1,5,1,1,0,0,1,2
77000097_temp.jpg,0,0,0,0,0,0,0,0
77000098_test.jpg,1,5,1,1,2,0,0,1
77000098_temp.jpg,0,0,0,0,0,0,0,0
77000099_test.jpg,1,5,1,1,1,0,1,1
77000099_temp.jpg,0,0,0,0,0,0,0,0
92000000_test.jpg,1,7,1,1,1,2,1,1
92000000_temp.jpg,0,0,0,0,0,0,0,0
92000001_test.jpg,1,7,1,1,2,1,1,1
92000001_temp.jpg,0,0,0,0,0,0,0,0
92000002_test.jpg,1,5,1,1,0,1,0,2
92000002_temp.jpg,0,0,0,0,0,0,0,0
92000003_test.jpg,1,8,0,1,3,2,1,1
92000003_temp.jpg,0,0,0,0,0,0,0,0
92000004_test.jpg,1,8,2,2,0,1,1,2
92000004_temp.jpg,0,0,0,0,0,0,0,0
92000005_test.jpg,1,5,1,1,1,2,0,0
92000005_temp.jpg,0,0,0,0,0,0,0,0
92000006_test.jpg,1,6,1,1,1,1,1,1
92000006_temp.jpg,0,0,0,0,0,0,0,0
92000007_test.jpg,1,6,1,1,1,0,1,2
92000007_temp.jpg,0,0,0,0,0,0,0,0
92000008_test.jpg,1,6,1,1,1,1,1,1
92000008_temp.jpg,0,0,0,0,0,0,0,0
92000009_test.jpg,1,5,1,2,0,0,1,1
92000009_temp.jpg,0,0,0,0,0,0,0,0
92000010_test.jpg,1,4,1,1,1,1,0,0
92000010_temp.jpg,0,0,0,0,0,0,0,0
92000011_test.jpg,1,5,1,0,2,0,1,1
92000011_temp.jpg,0,0,0,0,0,0,0,0
92000012_test.jpg,1,6,2,0,1,1,1,1
92000012_temp.jpg,0,0,0,0,0,0,0,0
92000013_test.jpg,1,6,2,2,0,0,1,1
92000013_temp.jpg,0,0,0,0,0,0,0,0
92000014_test.jpg,1,5,1,1,1,2,0,0
92000014_temp.jpg,0,0,0,0,0,0,0,0
92000015_test.jpg,1,5,2,1,0,0,1,1
92000015_temp.jpg,0,0,0,0,0,0,0,0
92000016_test.jpg,1,8,1,2,2,1,1,1
92000016_temp.jpg,0,0,0,0,0,0,0,0
92000017_test.jpg,1,7,2,0,2,1,1,1
92000017_temp.jpg,0,0,0,0,0,0,0,0
92000018_test.jpg,1,6,1,1,1,2,0,1
92000018_temp.jpg,0,0,0,0,0,0,0,0
92000019_test.jpg,1,4,1,1,1,0,0,1
92000019_temp.jpg,0,0,0,0,0,0,0,0
92000020_test.jpg,1,5,1,3,0,1,0,0
92000020_temp.jpg,0,0,0,0,0,0,0,0
92000021_test.jpg,1,5,1,0,1,1,1,1
92000021_temp.jpg,0,0,0,0,0,0,0,0
92000022_test.jpg,1,6,2,0,0,1,2,1
92000022_temp.jpg,0,0,0,0,0,0,0,0
92000023_test.jpg,1,6,0,1,2,1,1,1
92000023_temp.jpg,0,0,0,0,0,0,0,0
92000024_test.jpg,1,6,3,0,0,1,1,1
92000024_temp.jpg,0,0,0,0,0,0,0,0
92000025_test.jpg,1,4,1,1,0,1,0,1
92000025_temp.jpg,0,0,0,0,0,0,0,0
92000026_test.jpg,1,5,2,0,1,0,1,1
92000026_temp.jpg,0,0,0,0,0,0,0,0
92000027_test.jpg,1,5,1,2,0,0,1,1
92000027_temp.jpg,0,0,0,0,0,0,0,0
92000028_test.jpg,1,6,1,1,2,2,0,0
92000028_temp.jpg,0,0,0,0,0,0,0,0
92000029_test.jpg,1,5,2,0,1,0,1,1
92000029_temp.jpg,0,0,0,0,0,0,0,0
92000030_test.jpg,1,8,2,0,3,0,1,2
92000030_temp.jpg,0,0,0,0,0,0,0,0
92000031_test.jpg,1,6,1,1,2,2,0,0
92000031_temp.jpg,0,0,0,0,0,0,0,0
92000032_test.jpg,1,5,1,0,1,0,1,2
92000032_temp.jpg,0,0,0,0,0,0,0,0
92000033_test.jpg,1,5,1,1,1,1,0,1
92000033_temp.jpg,0,0,0,0,0,0,0,0
92000034_test.jpg,1,6,3,0,0,1,1,1
92000034_temp.jpg,0,0,0,0,0,0,0,0
92000035_test.jpg,1,6,1,1,0,1,2,1
92000035_temp.jpg,0,0,0,0,0,0,0,0
92000036_test.jpg,1,5,1,0,2,0,1,1
92000036_temp.jpg,0,0,0,0,0,0,0,0
92000037_test.jpg,1,5,1,2,0,1,0,1
92000037_temp.jpg,0,0,0,0,0,0,0,0
92000038_test.jpg,1,3,1,1,1,0,0,0
92000038_temp.jpg,0,0,0,0,0,0,0,0
92000039_test.jpg,1,4,1,0,0,1,1,1
92000039_temp.jpg,0,0,0,0,0,0,0,0
92000040_test.jpg,1,6,2,1,0,1,1,1
92000040_temp.jpg,0,0,0,0,0,0,0,0
92000041_test.jpg,1,5,1,1,0,1,1,1
92000041_temp.jpg,0,0,0,0,0,0,0,0
92000042_test.jpg,1,6,1,0,1,2,1,1
92000042_temp.jpg,0,0,0,0,0,0,0,0
92000043_test.jpg,1,4,1,0,0,3,0,0
92000043_temp.jpg,0,0,0,0,0,0,0,0
92000044_test.jpg,1,6,1,1,1,1,1,1
92000044_temp.jpg,0,0,0,0,0,0,0,0
92000045_test.jpg,1,4,1,0,1,0,1,1
92000045_temp.jpg,0,0,0,0,0,0,0,0
92000046_test.jpg,1,5,2,0,1,0,1,1
92000046_temp.jpg,0,0,0,0,0,0,0,0
92000047_test.jpg,1,7,1,2,1,1,1,1
92000047_temp.jpg,0,0,0,0,0,0,0,0
92000048_test.jpg,1,4,1,0,0,2,0,1
92000048_temp.jpg,0,0,0,0,0,0,0,0
92000049_test.jpg,1,5,1,1,0,1,1,1
92000049_temp.jpg,0,0,0,0,0,0,0,0
92000050_test.jpg,1,4,1,1,0,1,0,1
92000050_temp.jpg,0,0,0,0,0,0,0,0
92000051_test.jpg,1,5,1,0,2,1,0,1
92000051_temp.jpg,0,0,0,0,0,0,0,0
92000052_test.jpg,1,4,1,0,1,2,0,0
92000052_temp.jpg,0,0,0,0,0,0,0,0
92000053_test.jpg,1,5,1,0,2,0,1,1
92000053_temp.jpg,0,0,0,0,0,0,0,0
92000054_test.jpg,1,5,0,1,1,2,0,1
92000054_temp.jpg,0,0,0,0,0,0,0,0
92000055_test.jpg,1,6,1,1,0,1,2,1
92000055_temp.jpg,0,0,0,0,0,0,0,0
92000056_test.jpg,1,9,1,2,3,1,1,1
92000056_temp.jpg,0,0,0,0,0,0,0,0
92000057_test.jpg,1,7,2,1,1,0,2,1
92000057_temp.jpg,0,0,0,0,0,0,0,0
92000058_test.jpg,1,4,1,1,0,1,0,1
92000058_temp.jpg,0,0,0,0,0,0,0,0
92000059_test.jpg,1,8,1,0,1,3,2,1
92000059_temp.jpg,0,0,0,0,0,0,0,0
92000060_test.jpg,1,6,1,1,1,1,1,1
92000060_temp.jpg,0,0,0,0,0,0,0,0
92000061_test.jpg,1,5,1,1,1,0,1,1
92000061_temp.jpg,0,0,0,0,0,0,0,0
92000062_test.jpg,1,5,1,1,0,1,1,1
92000062_temp.jpg,0,0,0,0,0,0,0,0
92000063_test.jpg,1,6,1,1,1,0,2,1
92000063_temp.jpg,0,0,0,0,0,0,0,0
92000064_test.jpg,1,7,0,1,2,1,2,1
92000064_temp.jpg,0,0,0,0,0,0,0,0
92000065_test.jpg,1,5,1,0,1,1,1,1
92000065_temp.jpg,0,0,0,0,0,0,0,0
92000066_test.jpg,1,6,2,1,1,1,0,1
92000066_temp.jpg,0,0,0,0,0,0,0,0
92000067_test.jpg,1,6,1,1,1,0,2,1
92000067_temp.jpg,0,0,0,0,0,0,0,0
92000068_test.jpg,1,4,1,0,0,1,1,1
92000068_temp.jpg,0,0,0,0,0,0,0,0
92000069_test.jpg,1,6,1,2,1,1,0,1
92000069_temp.jpg,0,0,0,0,0,0,0,0
92000070_test.jpg,1,6,2,0,1,1,0,2
92000070_temp.jpg,0,0,0,0,0,0,0,0
92000071_test.jpg,1,7,2,0,1,2,1,1
92000071_temp.jpg,0,0,0,0,0,0,0,0
92000072_test.jpg,1,5,1,0,1,0,2,1
92000072_temp.jpg,0,0,0,0,0,0,0,0
92000073_test.jpg,1,6,1,1,1,1,1,1
92000073_temp.jpg,0,0,0,0,0,0,0,0
92000074_test.jpg,1,7,1,0,1,1,2,2
92000074_temp.jpg,0,0,0,0,0,0,0,0
92000075_test.jpg,1,7,1,0,1,2,2,1
92000075_temp.jpg,0,0,0,0,0,0,0,0
92000076_test.jpg,1,6,2,1,1,0,1,1
92000076_temp.jpg,0,0,0,0,0,0,0,0
92000077_test.jpg,1,7,1,1,2,1,1,1
92000077_temp.jpg,0,0,0,0,0,0,0,0
92000078_test.jpg,1,5,1,1,1,1,0,1
92000078_temp.jpg,0,0,0,0,0,0,0,0
92000079_test.jpg,1,7,2,1,1,1,1,1
92000079_temp.jpg,0,0,0,0,0,0,0,0
92000080_test.jpg,1,5,1,1,0,1,1,1
92000080_temp.jpg,0,0,0,0,0,0,0,0
92000081_test.jpg,1,6,1,1,1,1,1,1
92000081_temp.jpg,0,0,0,0,0,0,0,0
92000082_test.jpg,1,3,1,1,1,0,0,0
92000082_temp.jpg,0,0,0,0,0,0,0,0
92000083_test.jpg,1,5,0,0,1,2,1,1
92000083_temp.jpg,0,0,0,0,0,0,0,0
92000084_test.jpg,1,5,1,1,1,1,0,1
92000084_temp.jpg,0,0,0,0,0,0,0,0
92000085_test.jpg,1,4,1,1,2,0,0,0
92000085_temp.jpg,0,0,0,0,0,0,0,0
92000086_test.jpg,1,5,1,1,0,1,1,1
92000086_temp.jpg,0,0,0,0,0,0,0,0
92000087_test.jpg,1,4,1,0,1,0,1,1
92000087_temp.jpg,0,0,0,0,0,0,0,0
92000088_test.jpg,1,5,1,1,1,1,0,1
92000088_temp.jpg,0,0,0,0,0,0,0,0
92000089_test.jpg,1,6,1,1,1,0,2,1
92000089_temp.jpg,0,0,0,0,0,0,0,0
92000090_test.jpg,1,4,1,0,1,0,1,1
92000090_temp.jpg,0,0,0,0,0,0,0,0
92000091_test.jpg,1,5,1,1,1,1,0,1
92000091_temp.jpg,0,0,0,0,0,0,0,0
92000092_test.jpg,1,6,1,0,1,1,2,1
92000092_temp.jpg,0,0,0,0,0,0,0,0
92000093_test.jpg,1,5,1,1,0,2,0,1
92000093_temp.jpg,0,0,0,0,0,0,0,0
92000094_test.jpg,1,7,2,1,0,1,2,1
92000094_temp.jpg,0,0,0,0,0,0,0,0
92000095_test.jpg,1,4,1,1,1,0,0,1
92000095_temp.jpg,0,0,0,0,0,0,0,0
92000096_test.jpg,1,7,2,2,0,1,1,1
92000096_temp.jpg,0,0,0,0,0,0,0,0
92000097_test.jpg,1,5,1,1,1,1,0,1
92000097_temp.jpg,0,0,0,0,0,0,0,0
92000098_test.jpg,1,5,1,1,1,1,0,1
92000098_temp.jpg,0,0,0,0,0,0,0,0
92000099_test.jpg,1,6,1,1,0,2,1,1
92000099_temp.jpg,0,0,0,0,0,0,0,0
92000100_test.jpg,1,5,1,1,0,1,1,1
92000100_temp.jpg,0,0,0,0,0,0,0,0
92000101_test.jpg,1,7,1,1,1,2,1,1
92000101_temp.jpg,0,0,0,0,0,0,0,0
92000102_test.jpg,1,5,1,1,2,1,0,0
92000102_temp.jpg,0,0,0,0,0,0,0,0
92000103_test.jpg,1,4,1,1,0,2,0,0
92000103_temp.jpg,0,0,0,0,0,0,0,0
92000104_test.jpg,1,6,1,0,1,2,1,1
92000104_temp.jpg,0,0,0,0,0,0,0,0
92000105_test.jpg,1,5,1,0,0,2,1,1
92000105_temp.jpg,0,0,0,0,0,0,0,0
92000106_test.jpg,1,4,1,1,0,1,0,1
92000106_temp.jpg,0,0,0,0,0,0,0,0
92000107_test.jpg,1,6,1,3,0,0,1,1
92000107_temp.jpg,0,0,0,0,0,0,0,0
92000108_test.jpg,1,4,1,1,1,1,0,0
92000108_temp.jpg,0,0,0,0,0,0,0,0
92000109_test.jpg,1,4,0,1,1,1,0,1
92000109_temp.jpg,0,0,0,0,0,0,0,0
92000110_test.jpg,1,5,1,1,1,0,1,1
92000110_temp.jpg,0,0,0,0,0,0,0,0
50600000_test.jpg,1,7,0,2,1,1,2,1
50600000_temp.jpg,0,0,0,0,0,0,0,0
50600001_test.jpg,1,6,1,1,1,1,1,1
50600001_temp.jpg,0,0,0,0,0,0,0,0
50600002_test.jpg,1,6,2,1,0,1,1,1
50600002_temp.jpg,0,0,0,0,0,0,0,0
50600003_test.jpg,1,7,2,0,1,1,1,2
50600003_temp.jpg,0,0,0,0,0,0,0,0
50600004_test.jpg,1,4,1,1,1,0,0,1
50600004_temp.jpg,0,0,0,0,0,0,0,0
50600005_test.jpg,1,5,1,1,1,0,1,1
50600005_temp.jpg,0,0,0,0,0,0,0,0
50600006_test.jpg,1,6,1,1,0,2,1,1
50600006_temp.jpg,0,0,0,0,0,0,0,0
50600007_test.jpg,1,5,1,1,1,1,0,1
50600007_temp.jpg,0,0,0,0,0,0,0,0
50600008_test.jpg,1,5,1,0,2,0,1,1
50600008_temp.jpg,0,0,0,0,0,0,0,0
50600009_test.jpg,1,5,1,0,1,2,0,1
50600009_temp.jpg,0,0,0,0,0,0,0,0
50600010_test.jpg,1,5,1,1,1,0,1,1
50600010_temp.jpg,0,0,0,0,0,0,0,0
50600011_test.jpg,1,5,1,0,1,1,1,1
50600011_temp.jpg,0,0,0,0,0,0,0,0
50600012_test.jpg,1,5,1,1,0,2,0,1
50600012_temp.jpg,0,0,0,0,0,0,0,0
50600013_test.jpg,1,5,1,1,1,0,1,1
50600013_temp.jpg,0,0,0,0,0,0,0,0
50600014_test.jpg,1,5,0,1,2,1,0,1
50600014_temp.jpg,0,0,0,0,0,0,0,0
50600015_test.jpg,1,6,1,1,1,1,1,1
50600015_temp.jpg,0,0,0,0,0,0,0,0
50600016_test.jpg,1,5,1,1,1,0,1,1
50600016_temp.jpg,0,0,0,0,0,0,0,0
50600017_test.jpg,1,6,1,1,0,1,1,2
50600017_temp.jpg,0,0,0,0,0,0,0,0
50600018_test.jpg,1,5,1,1,1,1,0,1
50600018_temp.jpg,0,0,0,0,0,0,0,0
50600019_test.jpg,1,5,1,2,0,1,0,1
50600019_temp.jpg,0,0,0,0,0,0,0,0
50600020_test.jpg,1,5,1,1,1,0,1,1
50600020_temp.jpg,0,0,0,0,0,0,0,0
50600021_test.jpg,1,6,1,1,1,1,1,1
50600021_temp.jpg,0,0,0,0,0,0,0,0
50600022_test.jpg,1,5,1,1,1,1,0,1
50600022_temp.jpg,0,0,0,0,0,0,0,0
50600023_test.jpg,1,5,1,0,1,1,1,1
50600023_temp.jpg,0,0,0,0,0,0,0,0
50600024_test.jpg,1,6,1,1,1,1,1,1
50600024_temp.jpg,0,0,0,0,0,0,0,0
50600025_test.jpg,1,7,1,1,0,2,1,2
50600025_temp.jpg,0,0,0,0,0,0,0,0
50600026_test.jpg,1,7,2,1,1,2,1,0
50600026_temp.jpg,0,0,0,0,0,0,0,0
50600027_test.jpg,1,5,1,1,1,0,1,1
50600027_temp.jpg,0,0,0,0,0,0,0,0
50600028_test.jpg,1,6,1,1,1,1,1,1
50600028_temp.jpg,0,0,0,0,0,0,0,0
50600029_test.jpg,1,8,2,1,0,3,1,1
50600029_temp.jpg,0,0,0,0,0,0,0,0
50600030_test.jpg,1,5,1,1,1,1,0,1
50600030_temp.jpg,0,0,0,0,0,0,0,0
50600031_test.jpg,1,4,1,0,0,1,1,1
50600031_temp.jpg,0,0,0,0,0,0,0,0
50600032_test.jpg,1,6,1,1,1,1,1,1
50600032_temp.jpg,0,0,0,0,0,0,0,0
50600033_test.jpg,1,5,1,2,1,0,0,1
50600033_temp.jpg,0,0,0,0,0,0,0,0
50600034_test.jpg,1,5,1,0,1,0,1,2
50600034_temp.jpg,0,0,0,0,0,0,0,0
50600035_test.jpg,1,5,2,1,0,1,0,1
50600035_temp.jpg,0,0,0,0,0,0,0,0
50600036_test.jpg,1,5,1,1,0,2,1,0
50600036_temp.jpg,0,0,0,0,0,0,0,0
50600037_test.jpg,1,8,1,1,1,2,1,2
50600037_temp.jpg,0,0,0,0,0,0,0,0
50600038_test.jpg,1,6,1,1,2,0,1,1
50600038_temp.jpg,0,0,0,0,0,0,0,0
50600039_test.jpg,1,5,1,1,1,1,1,0
50600039_temp.jpg,0,0,0,0,0,0,0,0
50600040_test.jpg,1,5,1,0,2,0,1,1
50600040_temp.jpg,0,0,0,0,0,0,0,0
50600041_test.jpg,1,6,1,1,0,2,1,1
50600041_temp.jpg,0,0,0,0,0,0,0,0
50600042_test.jpg,1,6,2,1,0,1,1,1
50600042_temp.jpg,0,0,0,0,0,0,0,0
50600043_test.jpg,1,6,2,1,1,0,1,1
50600043_temp.jpg,0,0,0,0,0,0,0,0
50600044_test.jpg,1,7,1,1,1,2,1,1
50600044_temp.jpg,0,0,0,0,0,0,0,0
50600045_test.jpg,1,5,1,0,2,0,1,1
50600045_temp.jpg,0,0,0,0,0,0,0,0
50600046_test.jpg,1,6,1,1,1,2,0,1
50600046_temp.jpg,0,0,0,0,0,0,0,0
50600047_test.jpg,1,5,1,1,0,1,1,1
50600047_temp.jpg,0,0,0,0,0,0,0,0
50600048_test.jpg,1,7,1,1,3,0,1,1
50600048_temp.jpg,0,0,0,0,0,0,0,0
50600049_test.jpg,1,7,1,2,1,1,1,1
50600049_temp.jpg,0,0,0,0,0,0,0,0
44000062_test.jpg,1,6,1,1,1,1,1,1
44000062_temp.jpg,0,0,0,0,0,0,0,0
44000063_test.jpg,1,10,2,2,2,2,0,2
44000063_temp.jpg,0,0,0,0,0,0,0,0
44000064_test.jpg,1,7,2,1,1,1,0,2
44000064_temp.jpg,0,0,0,0,0,0,0,0
44000065_test.jpg,1,8,2,1,2,1,1,1
44000065_temp.jpg,0,0,0,0,0,0,0,0
44000066_test.jpg,1,7,2,0,2,1,1,1
44000066_temp.jpg,0,0,0,0,0,0,0,0
44000067_test.jpg,1,8,2,2,2,0,1,1
44000067_temp.jpg,0,0,0,0,0,0,0,0
44000068_test.jpg,1,6,1,1,1,1,1,1
44000068_temp.jpg,0,0,0,0,0,0,0,0
44000069_test.jpg,1,7,2,1,1,1,1,1
44000069_temp.jpg,0,0,0,0,0,0,0,0
44000070_test.jpg,1,7,1,1,2,1,1,1
44000070_temp.jpg,0,0,0,0,0,0,0,0
44000072_test.jpg,1,7,1,1,3,0,1,1
44000072_temp.jpg,0,0,0,0,0,0,0,0
44000073_test.jpg,1,7,2,1,1,1,1,1
44000073_temp.jpg,0,0,0,0,0,0,0,0
44000074_test.jpg,1,7,2,1,2,0,1,1
44000074_temp.jpg,0,0,0,0,0,0,0,0
44000075_test.jpg,1,8,2,1,2,1,1,1
44000075_temp.jpg,0,0,0,0,0,0,0,0
44000076_test.jpg,1,6,1,1,2,1,0,1
44000076_temp.jpg,0,0,0,0,0,0,0,0
44000077_test.jpg,1,7,2,1,1,1,1,1
44000077_temp.jpg,0,0,0,0,0,0,0,0
44000078_test.jpg,1,7,1,1,3,1,0,1
44000078_temp.jpg,0,0,0,0,0,0,0,0
44000079_test.jpg,1,7,1,1,2,1,1,1
44000079_temp.jpg,0,0,0,0,0,0,0,0
44000080_test.jpg,1,8,2,1,2,1,1,1
44000080_temp.jpg,0,0,0,0,0,0,0,0
44000081_test.jpg,1,7,1,1,1,2,1,1
44000081_temp.jpg,0,0,0,0,0,0,0,0
44000082_test.jpg,1,9,2,1,2,1,1,2
44000082_temp.jpg,0,0,0,0,0,0,0,0
44000083_test.jpg,1,8,2,1,2,1,1,1
44000083_temp.jpg,0,0,0,0,0,0,0,0
44000084_test.jpg,1,7,2,1,2,0,1,1
44000084_temp.jpg,0,0,0,0,0,0,0,0
44000085_test.jpg,1,9,2,2,2,1,1,1
44000085_temp.jpg,0,0,0,0,0,0,0,0
44000086_test.jpg,1,7,1,1,2,1,1,1
44000086_temp.jpg,0,0,0,0,0,0,0,0
44000087_test.jpg,1,9,2,1,2,2,1,1
44000087_temp.jpg,0,0,0,0,0,0,0,0
44000088_test.jpg,1,7,1,2,1,1,1,1
44000088_temp.jpg,0,0,0,0,0,0,0,0
44000090_test.jpg,1,8,2,1,2,1,1,1
44000090_temp.jpg,0,0,0,0,0,0,0,0
44000091_test.jpg,1,10,2,2,2,1,1,2
44000091_temp.jpg,0,0,0,0,0,0,0,0
44000092_test.jpg,1,10,2,2,1,2,1,2
44000092_temp.jpg,0,0,0,0,0,0,0,0
44000093_test.jpg,1,9,2,2,1,1,1,2
44000093_temp.jpg,0,0,0,0,0,0,0,0
44000094_test.jpg,1,7,2,1,1,1,1,1
44000094_temp.jpg,0,0,0,0,0,0,0,0
44000095_test.jpg,1,8,1,1,2,2,1,1
44000095_temp.jpg,0,0,0,0,0,0,0,0
44000096_test.jpg,1,6,1,1,1,1,1,1
44000096_temp.jpg,0,0,0,0,0,0,0,0
44000097_test.jpg,1,7,1,1,2,1,1,1
44000097_temp.jpg,0,0,0,0,0,0,0,0
44000098_test.jpg,1,6,2,1,0,1,1,1
44000098_temp.jpg,0,0,0,0,0,0,0,0
44000099_test.jpg,1,7,1,2,1,1,1,1
44000099_temp.jpg,0,0,0,0,0,0,0,0
44000100_test.jpg,1,8,2,1,2,1,1,1
44000100_temp.jpg,0,0,0,0,0,0,0,0
44000101_test.jpg,1,8,2,1,1,1,1,2
44000101_temp.jpg,0,0,0,0,0,0,0,0
44000102_test.jpg,1,8,2,1,2,1,1,1
44000102_temp.jpg,0,0,0,0,0,0,0,0
44000103_test.jpg,1,7,1,1,2,1,1,1
44000103_temp.jpg,0,0,0,0,0,0,0,0
44000104_test.jpg,1,6,1,1,1,1,1,1
44000104_temp.jpg,0,0,0,0,0,0,0,0
44000105_test.jpg,1,7,2,2,0,1,1,1
44000105_temp.jpg,0,0,0,0,0,0,0,0
44000106_test.jpg,1,8,2,2,1,1,1,1
44000106_temp.jpg,0,0,0,0,0,0,0,0
44000107_test.jpg,1,6,1,1,1,1,1,1
44000107_temp.jpg,0,0,0,0,0,0,0,0
44000108_test.jpg,1,9,2,2,2,1,1,1
44000108_temp.jpg,0,0,0,0,0,0,0,0
44000109_test.jpg,1,9,3,1,2,1,1,1
44000109_temp.jpg,0,0,0,0,0,0,0,0
44000110_test.jpg,1,7,2,1,1,1,1,1
44000110_temp.jpg,0,0,0,0,0,0,0,0
44000111_test.jpg,1,7,1,1,2,1,1,1
44000111_temp.jpg,0,0,0,0,0,0,0,0
44000112_test.jpg,1,8,2,2,1,1,1,1
44000112_temp.jpg,0,0,0,0,0,0,0,0
44000113_test.jpg,1,9,3,0,2,1,2,1
44000113_temp.jpg,0,0,0,0,0,0,0,0
